ubatch,phase,layer,token,rank,expert
0,prefill,0,0,0,10
0,prefill,0,0,1,15
0,prefill,0,0,2,2
0,prefill,0,0,3,7
0,prefill,0,1,0,2
0,prefill,0,1,1,14
0,prefill,0,1,2,10
0,prefill,0,1,3,15
0,prefill,0,2,0,10
0,prefill,0,2,1,2
0,prefill,0,2,2,13
0,prefill,0,2,3,15
0,prefill,0,3,0,10
0,prefill,0,3,1,14
0,prefill,0,3,2,2
0,prefill,0,3,3,6
0,prefill,0,4,0,6
0,prefill,0,4,1,10
0,prefill,0,4,2,14
0,prefill,0,4,3,2
0,prefill,0,5,0,10
0,prefill,0,5,1,12
0,prefill,0,5,2,14
0,prefill,0,5,3,3
0,prefill,0,6,0,2
0,prefill,0,6,1,10
0,prefill,0,6,2,0
0,prefill,0,6,3,13
0,prefill,0,7,0,15
0,prefill,0,7,1,3
0,prefill,0,7,2,12
0,prefill,0,7,3,4
0,prefill,0,8,0,10
0,prefill,0,8,1,12
0,prefill,0,8,2,3
0,prefill,0,8,3,13
0,prefill,0,9,0,13
0,prefill,0,9,1,10
0,prefill,0,9,2,12
0,prefill,0,9,3,3
0,prefill,0,10,0,10
0,prefill,0,10,1,7
0,prefill,0,10,2,13
0,prefill,0,10,3,15
0,prefill,0,11,0,10
0,prefill,0,11,1,15
0,prefill,0,11,2,4
0,prefill,0,11,3,12
0,prefill,0,12,0,10
0,prefill,0,12,1,9
0,prefill,0,12,2,3
0,prefill,0,12,3,7
0,prefill,0,13,0,11
0,prefill,0,13,1,2
0,prefill,0,13,2,10
0,prefill,0,13,3,7
0,prefill,0,14,0,10
0,prefill,0,14,1,4
0,prefill,0,14,2,12
0,prefill,0,14,3,2
0,prefill,0,15,0,13
0,prefill,0,15,1,9
0,prefill,0,15,2,10
0,prefill,0,15,3,12
0,prefill,0,16,0,10
0,prefill,0,16,1,12
0,prefill,0,16,2,11
0,prefill,0,16,3,4
0,prefill,0,17,0,9
0,prefill,0,17,1,0
0,prefill,0,17,2,3
0,prefill,0,17,3,10
0,prefill,0,18,0,9
0,prefill,0,18,1,10
0,prefill,0,18,2,2
0,prefill,0,18,3,11
0,prefill,0,19,0,2
0,prefill,0,19,1,9
0,prefill,0,19,2,14
0,prefill,0,19,3,13
0,prefill,0,20,0,10
0,prefill,0,20,1,2
0,prefill,0,20,2,9
0,prefill,0,20,3,12
0,prefill,0,21,0,9
0,prefill,0,21,1,2
0,prefill,0,21,2,14
0,prefill,0,21,3,10
0,prefill,0,22,0,9
0,prefill,0,22,1,11
0,prefill,0,22,2,7
0,prefill,0,22,3,10
0,prefill,0,23,0,11
0,prefill,0,23,1,4
0,prefill,0,23,2,0
0,prefill,0,23,3,10
0,prefill,0,24,0,9
0,prefill,0,24,1,10
0,prefill,0,24,2,13
0,prefill,0,24,3,11
0,prefill,0,25,0,9
0,prefill,0,25,1,3
0,prefill,0,25,2,11
0,prefill,0,25,3,13
0,prefill,0,26,0,9
0,prefill,0,26,1,11
0,prefill,0,26,2,10
0,prefill,0,26,3,15
0,prefill,0,27,0,4
0,prefill,0,27,1,11
0,prefill,0,27,2,9
0,prefill,0,27,3,10
0,prefill,0,28,0,11
0,prefill,0,28,1,12
0,prefill,0,28,2,5
0,prefill,0,28,3,8
0,prefill,0,29,0,11
0,prefill,0,29,1,1
0,prefill,0,29,2,10
0,prefill,0,29,3,9
0,prefill,0,30,0,9
0,prefill,0,30,1,4
0,prefill,0,30,2,14
0,prefill,0,30,3,11
0,prefill,0,31,0,9
0,prefill,0,31,1,15
0,prefill,0,31,2,4
0,prefill,0,31,3,2
0,prefill,0,32,0,9
0,prefill,0,32,1,12
0,prefill,0,32,2,0
0,prefill,0,32,3,4
0,prefill,0,33,0,9
0,prefill,0,33,1,0
0,prefill,0,33,2,2
0,prefill,0,33,3,10
0,prefill,0,34,0,9
0,prefill,0,34,1,11
0,prefill,0,34,2,15
0,prefill,0,34,3,10
0,prefill,0,35,0,11
0,prefill,0,35,1,4
0,prefill,0,35,2,9
0,prefill,0,35,3,2
0,prefill,0,36,0,12
0,prefill,0,36,1,11
0,prefill,0,36,2,0
0,prefill,0,36,3,8
0,prefill,0,37,0,11
0,prefill,0,37,1,1
0,prefill,0,37,2,12
0,prefill,0,37,3,0
0,prefill,0,38,0,9
0,prefill,0,38,1,2
0,prefill,0,38,2,0
0,prefill,0,38,3,4
0,prefill,0,39,0,11
0,prefill,0,39,1,9
0,prefill,0,39,2,4
0,prefill,0,39,3,0
0,prefill,0,40,0,11
0,prefill,0,40,1,4
0,prefill,0,40,2,9
0,prefill,0,40,3,2
0,prefill,0,41,0,2
0,prefill,0,41,1,3
0,prefill,0,41,2,15
0,prefill,0,41,3,6
0,prefill,0,42,0,11
0,prefill,0,42,1,12
0,prefill,0,42,2,3
0,prefill,0,42,3,0
0,prefill,0,43,0,11
0,prefill,0,43,1,1
0,prefill,0,43,2,12
0,prefill,0,43,3,0
0,prefill,0,44,0,7
0,prefill,0,44,1,11
0,prefill,0,44,2,4
0,prefill,0,44,3,2
0,prefill,0,45,0,2
0,prefill,0,45,1,11
0,prefill,0,45,2,0
0,prefill,0,45,3,4
0,prefill,0,46,0,11
0,prefill,0,46,1,9
0,prefill,0,46,2,7
0,prefill,0,46,3,15
0,prefill,0,47,0,11
0,prefill,0,47,1,15
0,prefill,0,47,2,4
0,prefill,0,47,3,0
0,prefill,0,48,0,11
0,prefill,0,48,1,9
0,prefill,0,48,2,3
0,prefill,0,48,3,6
0,prefill,0,49,0,11
0,prefill,0,49,1,9
0,prefill,0,49,2,15
0,prefill,0,49,3,4
0,prefill,0,50,0,4
0,prefill,0,50,1,11
0,prefill,0,50,2,2
0,prefill,0,50,3,12
0,prefill,0,51,0,11
0,prefill,0,51,1,2
0,prefill,0,51,2,12
0,prefill,0,51,3,0
0,prefill,0,52,0,4
0,prefill,0,52,1,2
0,prefill,0,52,2,1
0,prefill,0,52,3,6
0,prefill,0,53,0,3
0,prefill,0,53,1,9
0,prefill,0,53,2,15
0,prefill,0,53,3,2
0,prefill,0,54,0,9
0,prefill,0,54,1,2
0,prefill,0,54,2,4
0,prefill,0,54,3,0
0,prefill,0,55,0,2
0,prefill,0,55,1,9
0,prefill,0,55,2,12
0,prefill,0,55,3,0
0,prefill,0,56,0,3
0,prefill,0,56,1,1
0,prefill,0,56,2,0
0,prefill,0,56,3,9
0,prefill,0,57,0,4
0,prefill,0,57,1,3
0,prefill,0,57,2,2
0,prefill,0,57,3,9
0,prefill,0,58,0,2
0,prefill,0,58,1,3
0,prefill,0,58,2,15
0,prefill,0,58,3,9
0,prefill,0,59,0,2
0,prefill,0,59,1,4
0,prefill,0,59,2,3
0,prefill,0,59,3,12
0,prefill,0,60,0,11
0,prefill,0,60,1,0
0,prefill,0,60,2,9
0,prefill,0,60,3,8
0,prefill,0,61,0,9
0,prefill,0,61,1,6
0,prefill,0,61,2,3
0,prefill,0,61,3,12
0,prefill,0,62,0,6
0,prefill,0,62,1,11
0,prefill,0,62,2,9
0,prefill,0,62,3,3
0,prefill,0,63,0,2
0,prefill,0,63,1,9
0,prefill,0,63,2,0
0,prefill,0,63,3,11
0,prefill,0,64,0,3
0,prefill,0,64,1,9
0,prefill,0,64,2,11
0,prefill,0,64,3,4
0,prefill,0,65,0,11
0,prefill,0,65,1,4
0,prefill,0,65,2,9
0,prefill,0,65,3,2
0,prefill,0,66,0,11
0,prefill,0,66,1,12
0,prefill,0,66,2,8
0,prefill,0,66,3,0
0,prefill,0,67,0,11
0,prefill,0,67,1,4
0,prefill,0,67,2,15
0,prefill,0,67,3,12
0,prefill,0,68,0,3
0,prefill,0,68,1,11
0,prefill,0,68,2,0
0,prefill,0,68,3,9
0,prefill,1,0,0,11
0,prefill,1,0,1,10
0,prefill,1,0,2,4
0,prefill,1,0,3,12
0,prefill,1,1,0,11
0,prefill,1,1,1,6
0,prefill,1,1,2,10
0,prefill,1,1,3,4
0,prefill,1,2,0,11
0,prefill,1,2,1,4
0,prefill,1,2,2,6
0,prefill,1,2,3,1
0,prefill,1,3,0,6
0,prefill,1,3,1,11
0,prefill,1,3,2,4
0,prefill,1,3,3,1
0,prefill,1,4,0,11
0,prefill,1,4,1,6
0,prefill,1,4,2,15
0,prefill,1,4,3,3
0,prefill,1,5,0,6
0,prefill,1,5,1,4
0,prefill,1,5,2,11
0,prefill,1,5,3,9
0,prefill,1,6,0,6
0,prefill,1,6,1,4
0,prefill,1,6,2,11
0,prefill,1,6,3,3
0,prefill,1,7,0,6
0,prefill,1,7,1,11
0,prefill,1,7,2,4
0,prefill,1,7,3,15
0,prefill,1,8,0,6
0,prefill,1,8,1,4
0,prefill,1,8,2,11
0,prefill,1,8,3,2
0,prefill,1,9,0,6
0,prefill,1,9,1,11
0,prefill,1,9,2,15
0,prefill,1,9,3,14
0,prefill,1,10,0,6
0,prefill,1,10,1,11
0,prefill,1,10,2,4
0,prefill,1,10,3,15
0,prefill,1,11,0,11
0,prefill,1,11,1,6
0,prefill,1,11,2,15
0,prefill,1,11,3,4
0,prefill,1,12,0,11
0,prefill,1,12,1,6
0,prefill,1,12,2,15
0,prefill,1,12,3,4
0,prefill,1,13,0,6
0,prefill,1,13,1,11
0,prefill,1,13,2,4
0,prefill,1,13,3,15
0,prefill,1,14,0,6
0,prefill,1,14,1,11
0,prefill,1,14,2,14
0,prefill,1,14,3,15
0,prefill,1,15,0,6
0,prefill,1,15,1,15
0,prefill,1,15,2,14
0,prefill,1,15,3,11
0,prefill,1,16,0,6
0,prefill,1,16,1,14
0,prefill,1,16,2,11
0,prefill,1,16,3,1
0,prefill,1,17,0,11
0,prefill,1,17,1,6
0,prefill,1,17,2,7
0,prefill,1,17,3,4
0,prefill,1,18,0,6
0,prefill,1,18,1,11
0,prefill,1,18,2,7
0,prefill,1,18,3,4
0,prefill,1,19,0,1
0,prefill,1,19,1,6
0,prefill,1,19,2,11
0,prefill,1,19,3,5
0,prefill,1,20,0,6
0,prefill,1,20,1,4
0,prefill,1,20,2,15
0,prefill,1,20,3,1
0,prefill,1,21,0,11
0,prefill,1,21,1,6
0,prefill,1,21,2,1
0,prefill,1,21,3,14
0,prefill,1,22,0,7
0,prefill,1,22,1,11
0,prefill,1,22,2,1
0,prefill,1,22,3,3
0,prefill,1,23,0,11
0,prefill,1,23,1,3
0,prefill,1,23,2,15
0,prefill,1,23,3,6
0,prefill,1,24,0,6
0,prefill,1,24,1,4
0,prefill,1,24,2,1
0,prefill,1,24,3,11
0,prefill,1,25,0,6
0,prefill,1,25,1,7
0,prefill,1,25,2,15
0,prefill,1,25,3,11
0,prefill,1,26,0,6
0,prefill,1,26,1,1
0,prefill,1,26,2,7
0,prefill,1,26,3,15
0,prefill,1,27,0,6
0,prefill,1,27,1,11
0,prefill,1,27,2,15
0,prefill,1,27,3,3
0,prefill,1,28,0,6
0,prefill,1,28,1,15
0,prefill,1,28,2,11
0,prefill,1,28,3,1
0,prefill,1,29,0,3
0,prefill,1,29,1,11
0,prefill,1,29,2,6
0,prefill,1,29,3,15
0,prefill,1,30,0,6
0,prefill,1,30,1,1
0,prefill,1,30,2,7
0,prefill,1,30,3,15
0,prefill,1,31,0,6
0,prefill,1,31,1,3
0,prefill,1,31,2,1
0,prefill,1,31,3,9
0,prefill,1,32,0,6
0,prefill,1,32,1,15
0,prefill,1,32,2,4
0,prefill,1,32,3,11
0,prefill,1,33,0,1
0,prefill,1,33,1,6
0,prefill,1,33,2,7
0,prefill,1,33,3,0
0,prefill,1,34,0,6
0,prefill,1,34,1,1
0,prefill,1,34,2,15
0,prefill,1,34,3,3
0,prefill,1,35,0,11
0,prefill,1,35,1,6
0,prefill,1,35,2,3
0,prefill,1,35,3,15
0,prefill,1,36,0,6
0,prefill,1,36,1,15
0,prefill,1,36,2,1
0,prefill,1,36,3,11
0,prefill,1,37,0,3
0,prefill,1,37,1,6
0,prefill,1,37,2,15
0,prefill,1,37,3,11
0,prefill,1,38,0,1
0,prefill,1,38,1,6
0,prefill,1,38,2,7
0,prefill,1,38,3,3
0,prefill,1,39,0,6
0,prefill,1,39,1,7
0,prefill,1,39,2,11
0,prefill,1,39,3,1
0,prefill,1,40,0,11
0,prefill,1,40,1,6
0,prefill,1,40,2,3
0,prefill,1,40,3,15
0,prefill,1,41,0,1
0,prefill,1,41,1,6
0,prefill,1,41,2,3
0,prefill,1,41,3,7
0,prefill,1,42,0,6
0,prefill,1,42,1,15
0,prefill,1,42,2,11
0,prefill,1,42,3,3
0,prefill,1,43,0,3
0,prefill,1,43,1,6
0,prefill,1,43,2,1
0,prefill,1,43,3,7
0,prefill,1,44,0,6
0,prefill,1,44,1,1
0,prefill,1,44,2,3
0,prefill,1,44,3,15
0,prefill,1,45,0,1
0,prefill,1,45,1,6
0,prefill,1,45,2,15
0,prefill,1,45,3,3
0,prefill,1,46,0,3
0,prefill,1,46,1,7
0,prefill,1,46,2,6
0,prefill,1,46,3,9
0,prefill,1,47,0,3
0,prefill,1,47,1,15
0,prefill,1,47,2,6
0,prefill,1,47,3,11
0,prefill,1,48,0,3
0,prefill,1,48,1,6
0,prefill,1,48,2,15
0,prefill,1,48,3,7
0,prefill,1,49,0,6
0,prefill,1,49,1,3
0,prefill,1,49,2,1
0,prefill,1,49,3,15
0,prefill,1,50,0,6
0,prefill,1,50,1,3
0,prefill,1,50,2,1
0,prefill,1,50,3,4
0,prefill,1,51,0,6
0,prefill,1,51,1,15
0,prefill,1,51,2,3
0,prefill,1,51,3,0
0,prefill,1,52,0,15
0,prefill,1,52,1,6
0,prefill,1,52,2,9
0,prefill,1,52,3,10
0,prefill,1,53,0,15
0,prefill,1,53,1,6
0,prefill,1,53,2,1
0,prefill,1,53,3,9
0,prefill,1,54,0,1
0,prefill,1,54,1,7
0,prefill,1,54,2,0
0,prefill,1,54,3,6
0,prefill,1,55,0,1
0,prefill,1,55,1,3
0,prefill,1,55,2,6
0,prefill,1,55,3,15
0,prefill,1,56,0,6
0,prefill,1,56,1,1
0,prefill,1,56,2,4
0,prefill,1,56,3,11
0,prefill,1,57,0,6
0,prefill,1,57,1,11
0,prefill,1,57,2,15
0,prefill,1,57,3,3
0,prefill,1,58,0,6
0,prefill,1,58,1,11
0,prefill,1,58,2,1
0,prefill,1,58,3,3
0,prefill,1,59,0,6
0,prefill,1,59,1,4
0,prefill,1,59,2,1
0,prefill,1,59,3,11
0,prefill,1,60,0,9
0,prefill,1,60,1,6
0,prefill,1,60,2,4
0,prefill,1,60,3,7
0,prefill,1,61,0,9
0,prefill,1,61,1,6
0,prefill,1,61,2,7
0,prefill,1,61,3,1
0,prefill,1,62,0,6
0,prefill,1,62,1,7
0,prefill,1,62,2,15
0,prefill,1,62,3,3
0,prefill,1,63,0,1
0,prefill,1,63,1,6
0,prefill,1,63,2,3
0,prefill,1,63,3,15
0,prefill,1,64,0,11
0,prefill,1,64,1,7
0,prefill,1,64,2,6
0,prefill,1,64,3,15
0,prefill,1,65,0,6
0,prefill,1,65,1,11
0,prefill,1,65,2,3
0,prefill,1,65,3,7
0,prefill,1,66,0,6
0,prefill,1,66,1,15
0,prefill,1,66,2,3
0,prefill,1,66,3,9
0,prefill,1,67,0,3
0,prefill,1,67,1,1
0,prefill,1,67,2,7
0,prefill,1,67,3,6
0,prefill,1,68,0,6
0,prefill,1,68,1,11
0,prefill,1,68,2,4
0,prefill,1,68,3,1
0,prefill,2,0,0,12
0,prefill,2,0,1,8
0,prefill,2,0,2,14
0,prefill,2,0,3,6
0,prefill,2,1,0,12
0,prefill,2,1,1,8
0,prefill,2,1,2,6
0,prefill,2,1,3,10
0,prefill,2,2,0,12
0,prefill,2,2,1,10
0,prefill,2,2,2,8
0,prefill,2,2,3,14
0,prefill,2,3,0,8
0,prefill,2,3,1,12
0,prefill,2,3,2,3
0,prefill,2,3,3,10
0,prefill,2,4,0,8
0,prefill,2,4,1,12
0,prefill,2,4,2,3
0,prefill,2,4,3,10
0,prefill,2,5,0,8
0,prefill,2,5,1,12
0,prefill,2,5,2,3
0,prefill,2,5,3,2
0,prefill,2,6,0,8
0,prefill,2,6,1,12
0,prefill,2,6,2,2
0,prefill,2,6,3,5
0,prefill,2,7,0,8
0,prefill,2,7,1,3
0,prefill,2,7,2,12
0,prefill,2,7,3,1
0,prefill,2,8,0,8
0,prefill,2,8,1,12
0,prefill,2,8,2,14
0,prefill,2,8,3,1
0,prefill,2,9,0,8
0,prefill,2,9,1,12
0,prefill,2,9,2,3
0,prefill,2,9,3,5
0,prefill,2,10,0,3
0,prefill,2,10,1,12
0,prefill,2,10,2,8
0,prefill,2,10,3,5
0,prefill,2,11,0,14
0,prefill,2,11,1,8
0,prefill,2,11,2,12
0,prefill,2,11,3,2
0,prefill,2,12,0,2
0,prefill,2,12,1,8
0,prefill,2,12,2,14
0,prefill,2,12,3,12
0,prefill,2,13,0,8
0,prefill,2,13,1,14
0,prefill,2,13,2,12
0,prefill,2,13,3,5
0,prefill,2,14,0,8
0,prefill,2,14,1,12
0,prefill,2,14,2,14
0,prefill,2,14,3,5
0,prefill,2,15,0,8
0,prefill,2,15,1,5
0,prefill,2,15,2,14
0,prefill,2,15,3,12
0,prefill,2,16,0,8
0,prefill,2,16,1,2
0,prefill,2,16,2,14
0,prefill,2,16,3,12
0,prefill,2,17,0,8
0,prefill,2,17,1,14
0,prefill,2,17,2,5
0,prefill,2,17,3,11
0,prefill,2,18,0,8
0,prefill,2,18,1,14
0,prefill,2,18,2,12
0,prefill,2,18,3,5
0,prefill,2,19,0,8
0,prefill,2,19,1,14
0,prefill,2,19,2,2
0,prefill,2,19,3,5
0,prefill,2,20,0,8
0,prefill,2,20,1,14
0,prefill,2,20,2,2
0,prefill,2,20,3,12
0,prefill,2,21,0,12
0,prefill,2,21,1,5
0,prefill,2,21,2,8
0,prefill,2,21,3,2
0,prefill,2,22,0,8
0,prefill,2,22,1,12
0,prefill,2,22,2,14
0,prefill,2,22,3,5
0,prefill,2,23,0,8
0,prefill,2,23,1,14
0,prefill,2,23,2,5
0,prefill,2,23,3,11
0,prefill,2,24,0,8
0,prefill,2,24,1,14
0,prefill,2,24,2,5
0,prefill,2,24,3,12
0,prefill,2,25,0,8
0,prefill,2,25,1,11
0,prefill,2,25,2,4
0,prefill,2,25,3,12
0,prefill,2,26,0,8
0,prefill,2,26,1,5
0,prefill,2,26,2,14
0,prefill,2,26,3,12
0,prefill,2,27,0,8
0,prefill,2,27,1,14
0,prefill,2,27,2,12
0,prefill,2,27,3,2
0,prefill,2,28,0,8
0,prefill,2,28,1,14
0,prefill,2,28,2,5
0,prefill,2,28,3,11
0,prefill,2,29,0,8
0,prefill,2,29,1,14
0,prefill,2,29,2,1
0,prefill,2,29,3,12
0,prefill,2,30,0,8
0,prefill,2,30,1,14
0,prefill,2,30,2,12
0,prefill,2,30,3,2
0,prefill,2,31,0,8
0,prefill,2,31,1,12
0,prefill,2,31,2,1
0,prefill,2,31,3,14
0,prefill,2,32,0,8
0,prefill,2,32,1,12
0,prefill,2,32,2,5
0,prefill,2,32,3,11
0,prefill,2,33,0,12
0,prefill,2,33,1,8
0,prefill,2,33,2,2
0,prefill,2,33,3,14
0,prefill,2,34,0,8
0,prefill,2,34,1,12
0,prefill,2,34,2,5
0,prefill,2,34,3,14
0,prefill,2,35,0,8
0,prefill,2,35,1,1
0,prefill,2,35,2,14
0,prefill,2,35,3,4
0,prefill,2,36,0,8
0,prefill,2,36,1,14
0,prefill,2,36,2,5
0,prefill,2,36,3,12
0,prefill,2,37,0,8
0,prefill,2,37,1,1
0,prefill,2,37,2,14
0,prefill,2,37,3,4
0,prefill,2,38,0,12
0,prefill,2,38,1,8
0,prefill,2,38,2,2
0,prefill,2,38,3,14
0,prefill,2,39,0,8
0,prefill,2,39,1,12
0,prefill,2,39,2,2
0,prefill,2,39,3,14
0,prefill,2,40,0,8
0,prefill,2,40,1,4
0,prefill,2,40,2,14
0,prefill,2,40,3,1
0,prefill,2,41,0,8
0,prefill,2,41,1,1
0,prefill,2,41,2,5
0,prefill,2,41,3,12
0,prefill,2,42,0,8
0,prefill,2,42,1,14
0,prefill,2,42,2,5
0,prefill,2,42,3,12
0,prefill,2,43,0,8
0,prefill,2,43,1,14
0,prefill,2,43,2,1
0,prefill,2,43,3,4
0,prefill,2,44,0,12
0,prefill,2,44,1,8
0,prefill,2,44,2,2
0,prefill,2,44,3,5
0,prefill,2,45,0,8
0,prefill,2,45,1,2
0,prefill,2,45,2,12
0,prefill,2,45,3,1
0,prefill,2,46,0,8
0,prefill,2,46,1,12
0,prefill,2,46,2,14
0,prefill,2,46,3,5
0,prefill,2,47,0,8
0,prefill,2,47,1,12
0,prefill,2,47,2,5
0,prefill,2,47,3,1
0,prefill,2,48,0,8
0,prefill,2,48,1,12
0,prefill,2,48,2,14
0,prefill,2,48,3,1
0,prefill,2,49,0,8
0,prefill,2,49,1,5
0,prefill,2,49,2,12
0,prefill,2,49,3,14
0,prefill,2,50,0,8
0,prefill,2,50,1,12
0,prefill,2,50,2,5
0,prefill,2,50,3,14
0,prefill,2,51,0,8
0,prefill,2,51,1,12
0,prefill,2,51,2,2
0,prefill,2,51,3,5
0,prefill,2,52,0,12
0,prefill,2,52,1,5
0,prefill,2,52,2,8
0,prefill,2,52,3,14
0,prefill,2,53,0,5
0,prefill,2,53,1,12
0,prefill,2,53,2,14
0,prefill,2,53,3,8
0,prefill,2,54,0,12
0,prefill,2,54,1,8
0,prefill,2,54,2,2
0,prefill,2,54,3,5
0,prefill,2,55,0,8
0,prefill,2,55,1,1
0,prefill,2,55,2,12
0,prefill,2,55,3,2
0,prefill,2,56,0,8
0,prefill,2,56,1,5
0,prefill,2,56,2,11
0,prefill,2,56,3,12
0,prefill,2,57,0,12
0,prefill,2,57,1,8
0,prefill,2,57,2,2
0,prefill,2,57,3,5
0,prefill,2,58,0,8
0,prefill,2,58,1,12
0,prefill,2,58,2,5
0,prefill,2,58,3,11
0,prefill,2,59,0,5
0,prefill,2,59,1,8
0,prefill,2,59,2,12
0,prefill,2,59,3,14
0,prefill,2,60,0,12
0,prefill,2,60,1,5
0,prefill,2,60,2,8
0,prefill,2,60,3,10
0,prefill,2,61,0,8
0,prefill,2,61,1,12
0,prefill,2,61,2,5
0,prefill,2,61,3,14
0,prefill,2,62,0,1
0,prefill,2,62,1,12
0,prefill,2,62,2,8
0,prefill,2,62,3,5
0,prefill,2,63,0,1
0,prefill,2,63,1,8
0,prefill,2,63,2,12
0,prefill,2,63,3,5
0,prefill,2,64,0,12
0,prefill,2,64,1,5
0,prefill,2,64,2,2
0,prefill,2,64,3,8
0,prefill,2,65,0,8
0,prefill,2,65,1,4
0,prefill,2,65,2,5
0,prefill,2,65,3,12
0,prefill,2,66,0,14
0,prefill,2,66,1,12
0,prefill,2,66,2,5
0,prefill,2,66,3,8
0,prefill,2,67,0,8
0,prefill,2,67,1,12
0,prefill,2,67,2,4
0,prefill,2,67,3,1
0,prefill,2,68,0,5
0,prefill,2,68,1,8
0,prefill,2,68,2,12
0,prefill,2,68,3,11
0,prefill,3,0,0,7
0,prefill,3,0,1,6
0,prefill,3,0,2,9
0,prefill,3,0,3,12
0,prefill,3,1,0,9
0,prefill,3,1,1,7
0,prefill,3,1,2,8
0,prefill,3,1,3,6
0,prefill,3,2,0,8
0,prefill,3,2,1,9
0,prefill,3,2,2,7
0,prefill,3,2,3,6
0,prefill,3,3,0,9
0,prefill,3,3,1,7
0,prefill,3,3,2,6
0,prefill,3,3,3,8
0,prefill,3,4,0,9
0,prefill,3,4,1,8
0,prefill,3,4,2,7
0,prefill,3,4,3,6
0,prefill,3,5,0,9
0,prefill,3,5,1,6
0,prefill,3,5,2,7
0,prefill,3,5,3,8
0,prefill,3,6,0,9
0,prefill,3,6,1,6
0,prefill,3,6,2,7
0,prefill,3,6,3,8
0,prefill,3,7,0,9
0,prefill,3,7,1,6
0,prefill,3,7,2,7
0,prefill,3,7,3,8
0,prefill,3,8,0,9
0,prefill,3,8,1,8
0,prefill,3,8,2,7
0,prefill,3,8,3,6
0,prefill,3,9,0,8
0,prefill,3,9,1,9
0,prefill,3,9,2,7
0,prefill,3,9,3,4
0,prefill,3,10,0,9
0,prefill,3,10,1,7
0,prefill,3,10,2,4
0,prefill,3,10,3,12
0,prefill,3,11,0,9
0,prefill,3,11,1,12
0,prefill,3,11,2,8
0,prefill,3,11,3,7
0,prefill,3,12,0,9
0,prefill,3,12,1,12
0,prefill,3,12,2,7
0,prefill,3,12,3,11
0,prefill,3,13,0,9
0,prefill,3,13,1,8
0,prefill,3,13,2,6
0,prefill,3,13,3,7
0,prefill,3,14,0,9
0,prefill,3,14,1,4
0,prefill,3,14,2,13
0,prefill,3,14,3,7
0,prefill,3,15,0,9
0,prefill,3,15,1,4
0,prefill,3,15,2,6
0,prefill,3,15,3,8
0,prefill,3,16,0,9
0,prefill,3,16,1,7
0,prefill,3,16,2,12
0,prefill,3,16,3,4
0,prefill,3,17,0,9
0,prefill,3,17,1,8
0,prefill,3,17,2,7
0,prefill,3,17,3,4
0,prefill,3,18,0,4
0,prefill,3,18,1,9
0,prefill,3,18,2,8
0,prefill,3,18,3,13
0,prefill,3,19,0,9
0,prefill,3,19,1,4
0,prefill,3,19,2,7
0,prefill,3,19,3,8
0,prefill,3,20,0,9
0,prefill,3,20,1,8
0,prefill,3,20,2,7
0,prefill,3,20,3,4
0,prefill,3,21,0,7
0,prefill,3,21,1,9
0,prefill,3,21,2,8
0,prefill,3,21,3,4
0,prefill,3,22,0,9
0,prefill,3,22,1,8
0,prefill,3,22,2,7
0,prefill,3,22,3,4
0,prefill,3,23,0,9
0,prefill,3,23,1,4
0,prefill,3,23,2,8
0,prefill,3,23,3,7
0,prefill,3,24,0,9
0,prefill,3,24,1,4
0,prefill,3,24,2,13
0,prefill,3,24,3,8
0,prefill,3,25,0,9
0,prefill,3,25,1,4
0,prefill,3,25,2,12
0,prefill,3,25,3,13
0,prefill,3,26,0,4
0,prefill,3,26,1,9
0,prefill,3,26,2,13
0,prefill,3,26,3,12
0,prefill,3,27,0,9
0,prefill,3,27,1,4
0,prefill,3,27,2,7
0,prefill,3,27,3,12
0,prefill,3,28,0,9
0,prefill,3,28,1,7
0,prefill,3,28,2,12
0,prefill,3,28,3,13
0,prefill,3,29,0,9
0,prefill,3,29,1,3
0,prefill,3,29,2,4
0,prefill,3,29,3,13
0,prefill,3,30,0,9
0,prefill,3,30,1,8
0,prefill,3,30,2,2
0,prefill,3,30,3,12
0,prefill,3,31,0,9
0,prefill,3,31,1,8
0,prefill,3,31,2,4
0,prefill,3,31,3,13
0,prefill,3,32,0,9
0,prefill,3,32,1,4
0,prefill,3,32,2,13
0,prefill,3,32,3,2
0,prefill,3,33,0,9
0,prefill,3,33,1,7
0,prefill,3,33,2,8
0,prefill,3,33,3,13
0,prefill,3,34,0,9
0,prefill,3,34,1,4
0,prefill,3,34,2,13
0,prefill,3,34,3,7
0,prefill,3,35,0,9
0,prefill,3,35,1,4
0,prefill,3,35,2,7
0,prefill,3,35,3,12
0,prefill,3,36,0,9
0,prefill,3,36,1,8
0,prefill,3,36,2,7
0,prefill,3,36,3,13
0,prefill,3,37,0,9
0,prefill,3,37,1,3
0,prefill,3,37,2,8
0,prefill,3,37,3,13
0,prefill,3,38,0,7
0,prefill,3,38,1,9
0,prefill,3,38,2,13
0,prefill,3,38,3,8
0,prefill,3,39,0,9
0,prefill,3,39,1,7
0,prefill,3,39,2,4
0,prefill,3,39,3,8
0,prefill,3,40,0,4
0,prefill,3,40,1,7
0,prefill,3,40,2,9
0,prefill,3,40,3,8
0,prefill,3,41,0,9
0,prefill,3,41,1,7
0,prefill,3,41,2,8
0,prefill,3,41,3,2
0,prefill,3,42,0,9
0,prefill,3,42,1,7
0,prefill,3,42,2,13
0,prefill,3,42,3,12
0,prefill,3,43,0,9
0,prefill,3,43,1,8
0,prefill,3,43,2,7
0,prefill,3,43,3,3
0,prefill,3,44,0,7
0,prefill,3,44,1,9
0,prefill,3,44,2,13
0,prefill,3,44,3,8
0,prefill,3,45,0,9
0,prefill,3,45,1,7
0,prefill,3,45,2,8
0,prefill,3,45,3,4
0,prefill,3,46,0,3
0,prefill,3,46,1,9
0,prefill,3,46,2,7
0,prefill,3,46,3,8
0,prefill,3,47,0,9
0,prefill,3,47,1,7
0,prefill,3,47,2,13
0,prefill,3,47,3,8
0,prefill,3,48,0,7
0,prefill,3,48,1,9
0,prefill,3,48,2,13
0,prefill,3,48,3,4
0,prefill,3,49,0,9
0,prefill,3,49,1,7
0,prefill,3,49,2,4
0,prefill,3,49,3,13
0,prefill,3,50,0,9
0,prefill,3,50,1,7
0,prefill,3,50,2,4
0,prefill,3,50,3,2
0,prefill,3,51,0,9
0,prefill,3,51,1,8
0,prefill,3,51,2,7
0,prefill,3,51,3,13
0,prefill,3,52,0,12
0,prefill,3,52,1,7
0,prefill,3,52,2,13
0,prefill,3,52,3,9
0,prefill,3,53,0,9
0,prefill,3,53,1,13
0,prefill,3,53,2,7
0,prefill,3,53,3,3
0,prefill,3,54,0,7
0,prefill,3,54,1,9
0,prefill,3,54,2,13
0,prefill,3,54,3,5
0,prefill,3,55,0,9
0,prefill,3,55,1,4
0,prefill,3,55,2,2
0,prefill,3,55,3,6
0,prefill,3,56,0,7
0,prefill,3,56,1,9
0,prefill,3,56,2,12
0,prefill,3,56,3,3
0,prefill,3,57,0,9
0,prefill,3,57,1,7
0,prefill,3,57,2,13
0,prefill,3,57,3,12
0,prefill,3,58,0,7
0,prefill,3,58,1,9
0,prefill,3,58,2,8
0,prefill,3,58,3,13
0,prefill,3,59,0,7
0,prefill,3,59,1,9
0,prefill,3,59,2,4
0,prefill,3,59,3,12
0,prefill,3,60,0,7
0,prefill,3,60,1,9
0,prefill,3,60,2,12
0,prefill,3,60,3,8
0,prefill,3,61,0,13
0,prefill,3,61,1,2
0,prefill,3,61,2,4
0,prefill,3,61,3,12
0,prefill,3,62,0,9
0,prefill,3,62,1,3
0,prefill,3,62,2,7
0,prefill,3,62,3,13
0,prefill,3,63,0,9
0,prefill,3,63,1,6
0,prefill,3,63,2,7
0,prefill,3,63,3,2
0,prefill,3,64,0,7
0,prefill,3,64,1,12
0,prefill,3,64,2,9
0,prefill,3,64,3,8
0,prefill,3,65,0,7
0,prefill,3,65,1,12
0,prefill,3,65,2,9
0,prefill,3,65,3,13
0,prefill,3,66,0,9
0,prefill,3,66,1,7
0,prefill,3,66,2,13
0,prefill,3,66,3,12
0,prefill,3,67,0,9
0,prefill,3,67,1,7
0,prefill,3,67,2,8
0,prefill,3,67,3,3
0,prefill,3,68,0,7
0,prefill,3,68,1,9
0,prefill,3,68,2,3
0,prefill,3,68,3,13
0,prefill,4,0,0,5
0,prefill,4,0,1,3
0,prefill,4,0,2,8
0,prefill,4,0,3,9
0,prefill,4,1,0,5
0,prefill,4,1,1,9
0,prefill,4,1,2,1
0,prefill,4,1,3,8
0,prefill,4,2,0,5
0,prefill,4,2,1,8
0,prefill,4,2,2,13
0,prefill,4,2,3,1
0,prefill,4,3,0,1
0,prefill,4,3,1,8
0,prefill,4,3,2,5
0,prefill,4,3,3,13
0,prefill,4,4,0,8
0,prefill,4,4,1,13
0,prefill,4,4,2,5
0,prefill,4,4,3,4
0,prefill,4,5,0,1
0,prefill,4,5,1,5
0,prefill,4,5,2,13
0,prefill,4,5,3,8
0,prefill,4,6,0,5
0,prefill,4,6,1,1
0,prefill,4,6,2,10
0,prefill,4,6,3,13
0,prefill,4,7,0,4
0,prefill,4,7,1,13
0,prefill,4,7,2,8
0,prefill,4,7,3,5
0,prefill,4,8,0,8
0,prefill,4,8,1,5
0,prefill,4,8,2,13
0,prefill,4,8,3,12
0,prefill,4,9,0,8
0,prefill,4,9,1,5
0,prefill,4,9,2,10
0,prefill,4,9,3,1
0,prefill,4,10,0,1
0,prefill,4,10,1,13
0,prefill,4,10,2,8
0,prefill,4,10,3,12
0,prefill,4,11,0,8
0,prefill,4,11,1,13
0,prefill,4,11,2,1
0,prefill,4,11,3,4
0,prefill,4,12,0,13
0,prefill,4,12,1,10
0,prefill,4,12,2,8
0,prefill,4,12,3,4
0,prefill,4,13,0,8
0,prefill,4,13,1,5
0,prefill,4,13,2,1
0,prefill,4,13,3,10
0,prefill,4,14,0,8
0,prefill,4,14,1,1
0,prefill,4,14,2,13
0,prefill,4,14,3,10
0,prefill,4,15,0,1
0,prefill,4,15,1,8
0,prefill,4,15,2,4
0,prefill,4,15,3,10
0,prefill,4,16,0,9
0,prefill,4,16,1,1
0,prefill,4,16,2,8
0,prefill,4,16,3,13
0,prefill,4,17,0,1
0,prefill,4,17,1,9
0,prefill,4,17,2,8
0,prefill,4,17,3,5
0,prefill,4,18,0,1
0,prefill,4,18,1,9
0,prefill,4,18,2,10
0,prefill,4,18,3,5
0,prefill,4,19,0,10
0,prefill,4,19,1,5
0,prefill,4,19,2,8
0,prefill,4,19,3,9
0,prefill,4,20,0,9
0,prefill,4,20,1,1
0,prefill,4,20,2,8
0,prefill,4,20,3,13
0,prefill,4,21,0,1
0,prefill,4,21,1,9
0,prefill,4,21,2,10
0,prefill,4,21,3,8
0,prefill,4,22,0,9
0,prefill,4,22,1,1
0,prefill,4,22,2,10
0,prefill,4,22,3,4
0,prefill,4,23,0,8
0,prefill,4,23,1,10
0,prefill,4,23,2,9
0,prefill,4,23,3,1
0,prefill,4,24,0,1
0,prefill,4,24,1,9
0,prefill,4,24,2,10
0,prefill,4,24,3,4
0,prefill,4,25,0,9
0,prefill,4,25,1,8
0,prefill,4,25,2,1
0,prefill,4,25,3,4
0,prefill,4,26,0,1
0,prefill,4,26,1,9
0,prefill,4,26,2,4
0,prefill,4,26,3,10
0,prefill,4,27,0,9
0,prefill,4,27,1,10
0,prefill,4,27,2,1
0,prefill,4,27,3,8
0,prefill,4,28,0,9
0,prefill,4,28,1,1
0,prefill,4,28,2,4
0,prefill,4,28,3,10
0,prefill,4,29,0,9
0,prefill,4,29,1,8
0,prefill,4,29,2,10
0,prefill,4,29,3,1
0,prefill,4,30,0,9
0,prefill,4,30,1,1
0,prefill,4,30,2,4
0,prefill,4,30,3,10
0,prefill,4,31,0,9
0,prefill,4,31,1,10
0,prefill,4,31,2,1
0,prefill,4,31,3,4
0,prefill,4,32,0,9
0,prefill,4,32,1,1
0,prefill,4,32,2,10
0,prefill,4,32,3,8
0,prefill,4,33,0,9
0,prefill,4,33,1,5
0,prefill,4,33,2,4
0,prefill,4,33,3,1
0,prefill,4,34,0,9
0,prefill,4,34,1,1
0,prefill,4,34,2,7
0,prefill,4,34,3,4
0,prefill,4,35,0,10
0,prefill,4,35,1,8
0,prefill,4,35,2,9
0,prefill,4,35,3,13
0,prefill,4,36,0,9
0,prefill,4,36,1,1
0,prefill,4,36,2,10
0,prefill,4,36,3,4
0,prefill,4,37,0,9
0,prefill,4,37,1,8
0,prefill,4,37,2,10
0,prefill,4,37,3,1
0,prefill,4,38,0,9
0,prefill,4,38,1,7
0,prefill,4,38,2,5
0,prefill,4,38,3,4
0,prefill,4,39,0,9
0,prefill,4,39,1,10
0,prefill,4,39,2,8
0,prefill,4,39,3,13
0,prefill,4,40,0,10
0,prefill,4,40,1,9
0,prefill,4,40,2,13
0,prefill,4,40,3,8
0,prefill,4,41,0,9
0,prefill,4,41,1,4
0,prefill,4,41,2,10
0,prefill,4,41,3,1
0,prefill,4,42,0,9
0,prefill,4,42,1,1
0,prefill,4,42,2,4
0,prefill,4,42,3,10
0,prefill,4,43,0,9
0,prefill,4,43,1,1
0,prefill,4,43,2,10
0,prefill,4,43,3,8
0,prefill,4,44,0,9
0,prefill,4,44,1,13
0,prefill,4,44,2,7
0,prefill,4,44,3,1
0,prefill,4,45,0,9
0,prefill,4,45,1,1
0,prefill,4,45,2,8
0,prefill,4,45,3,10
0,prefill,4,46,0,9
0,prefill,4,46,1,8
0,prefill,4,46,2,1
0,prefill,4,46,3,7
0,prefill,4,47,0,9
0,prefill,4,47,1,8
0,prefill,4,47,2,1
0,prefill,4,47,3,10
0,prefill,4,48,0,9
0,prefill,4,48,1,4
0,prefill,4,48,2,8
0,prefill,4,48,3,7
0,prefill,4,49,0,9
0,prefill,4,49,1,1
0,prefill,4,49,2,13
0,prefill,4,49,3,7
0,prefill,4,50,0,9
0,prefill,4,50,1,1
0,prefill,4,50,2,10
0,prefill,4,50,3,7
0,prefill,4,51,0,9
0,prefill,4,51,1,10
0,prefill,4,51,2,1
0,prefill,4,51,3,8
0,prefill,4,52,0,9
0,prefill,4,52,1,5
0,prefill,4,52,2,1
0,prefill,4,52,3,13
0,prefill,4,53,0,1
0,prefill,4,53,1,9
0,prefill,4,53,2,4
0,prefill,4,53,3,8
0,prefill,4,54,0,9
0,prefill,4,54,1,7
0,prefill,4,54,2,5
0,prefill,4,54,3,1
0,prefill,4,55,0,9
0,prefill,4,55,1,1
0,prefill,4,55,2,8
0,prefill,4,55,3,4
0,prefill,4,56,0,9
0,prefill,4,56,1,1
0,prefill,4,56,2,7
0,prefill,4,56,3,13
0,prefill,4,57,0,9
0,prefill,4,57,1,10
0,prefill,4,57,2,1
0,prefill,4,57,3,13
0,prefill,4,58,0,9
0,prefill,4,58,1,7
0,prefill,4,58,2,1
0,prefill,4,58,3,8
0,prefill,4,59,0,1
0,prefill,4,59,1,9
0,prefill,4,59,2,8
0,prefill,4,59,3,7
0,prefill,4,60,0,9
0,prefill,4,60,1,5
0,prefill,4,60,2,1
0,prefill,4,60,3,7
0,prefill,4,61,0,9
0,prefill,4,61,1,7
0,prefill,4,61,2,1
0,prefill,4,61,3,4
0,prefill,4,62,0,9
0,prefill,4,62,1,8
0,prefill,4,62,2,10
0,prefill,4,62,3,1
0,prefill,4,63,0,9
0,prefill,4,63,1,1
0,prefill,4,63,2,8
0,prefill,4,63,3,5
0,prefill,4,64,0,9
0,prefill,4,64,1,7
0,prefill,4,64,2,13
0,prefill,4,64,3,1
0,prefill,4,65,0,9
0,prefill,4,65,1,13
0,prefill,4,65,2,1
0,prefill,4,65,3,7
0,prefill,4,66,0,9
0,prefill,4,66,1,1
0,prefill,4,66,2,4
0,prefill,4,66,3,5
0,prefill,4,67,0,9
0,prefill,4,67,1,8
0,prefill,4,67,2,1
0,prefill,4,67,3,13
0,prefill,4,68,0,9
0,prefill,4,68,1,1
0,prefill,4,68,2,7
0,prefill,4,68,3,13
0,prefill,5,0,0,13
0,prefill,5,0,1,14
0,prefill,5,0,2,15
0,prefill,5,0,3,0
0,prefill,5,1,0,13
0,prefill,5,1,1,14
0,prefill,5,1,2,5
0,prefill,5,1,3,0
0,prefill,5,2,0,15
0,prefill,5,2,1,14
0,prefill,5,2,2,13
0,prefill,5,2,3,5
0,prefill,5,3,0,14
0,prefill,5,3,1,13
0,prefill,5,3,2,5
0,prefill,5,3,3,15
0,prefill,5,4,0,14
0,prefill,5,4,1,13
0,prefill,5,4,2,2
0,prefill,5,4,3,5
0,prefill,5,5,0,14
0,prefill,5,5,1,5
0,prefill,5,5,2,13
0,prefill,5,5,3,12
0,prefill,5,6,0,14
0,prefill,5,6,1,5
0,prefill,5,6,2,13
0,prefill,5,6,3,12
0,prefill,5,7,0,14
0,prefill,5,7,1,13
0,prefill,5,7,2,5
0,prefill,5,7,3,12
0,prefill,5,8,0,14
0,prefill,5,8,1,11
0,prefill,5,8,2,5
0,prefill,5,8,3,2
0,prefill,5,9,0,14
0,prefill,5,9,1,5
0,prefill,5,9,2,2
0,prefill,5,9,3,13
0,prefill,5,10,0,14
0,prefill,5,10,1,5
0,prefill,5,10,2,12
0,prefill,5,10,3,8
0,prefill,5,11,0,14
0,prefill,5,11,1,2
0,prefill,5,11,2,8
0,prefill,5,11,3,10
0,prefill,5,12,0,14
0,prefill,5,12,1,2
0,prefill,5,12,2,12
0,prefill,5,12,3,13
0,prefill,5,13,0,14
0,prefill,5,13,1,10
0,prefill,5,13,2,2
0,prefill,5,13,3,13
0,prefill,5,14,0,14
0,prefill,5,14,1,5
0,prefill,5,14,2,11
0,prefill,5,14,3,10
0,prefill,5,15,0,14
0,prefill,5,15,1,5
0,prefill,5,15,2,2
0,prefill,5,15,3,10
0,prefill,5,16,0,14
0,prefill,5,16,1,5
0,prefill,5,16,2,2
0,prefill,5,16,3,10
0,prefill,5,17,0,14
0,prefill,5,17,1,8
0,prefill,5,17,2,5
0,prefill,5,17,3,10
0,prefill,5,18,0,14
0,prefill,5,18,1,10
0,prefill,5,18,2,5
0,prefill,5,18,3,8
0,prefill,5,19,0,14
0,prefill,5,19,1,5
0,prefill,5,19,2,10
0,prefill,5,19,3,11
0,prefill,5,20,0,14
0,prefill,5,20,1,5
0,prefill,5,20,2,2
0,prefill,5,20,3,10
0,prefill,5,21,0,14
0,prefill,5,21,1,5
0,prefill,5,21,2,10
0,prefill,5,21,3,8
0,prefill,5,22,0,14
0,prefill,5,22,1,10
0,prefill,5,22,2,8
0,prefill,5,22,3,5
0,prefill,5,23,0,14
0,prefill,5,23,1,2
0,prefill,5,23,2,10
0,prefill,5,23,3,8
0,prefill,5,24,0,14
0,prefill,5,24,1,5
0,prefill,5,24,2,10
0,prefill,5,24,3,8
0,prefill,5,25,0,14
0,prefill,5,25,1,11
0,prefill,5,25,2,3
0,prefill,5,25,3,10
0,prefill,5,26,0,14
0,prefill,5,26,1,10
0,prefill,5,26,2,5
0,prefill,5,26,3,3
0,prefill,5,27,0,14
0,prefill,5,27,1,5
0,prefill,5,27,2,11
0,prefill,5,27,3,3
0,prefill,5,28,0,14
0,prefill,5,28,1,10
0,prefill,5,28,2,2
0,prefill,5,28,3,5
0,prefill,5,29,0,14
0,prefill,5,29,1,3
0,prefill,5,29,2,5
0,prefill,5,29,3,10
0,prefill,5,30,0,14
0,prefill,5,30,1,5
0,prefill,5,30,2,10
0,prefill,5,30,3,2
0,prefill,5,31,0,10
0,prefill,5,31,1,14
0,prefill,5,31,2,5
0,prefill,5,31,3,3
0,prefill,5,32,0,14
0,prefill,5,32,1,3
0,prefill,5,32,2,5
0,prefill,5,32,3,10
0,prefill,5,33,0,14
0,prefill,5,33,1,5
0,prefill,5,33,2,3
0,prefill,5,33,3,2
0,prefill,5,34,0,14
0,prefill,5,34,1,5
0,prefill,5,34,2,3
0,prefill,5,34,3,10
0,prefill,5,35,0,14
0,prefill,5,35,1,5
0,prefill,5,35,2,11
0,prefill,5,35,3,10
0,prefill,5,36,0,14
0,prefill,5,36,1,5
0,prefill,5,36,2,10
0,prefill,5,36,3,2
0,prefill,5,37,0,14
0,prefill,5,37,1,5
0,prefill,5,37,2,10
0,prefill,5,37,3,3
0,prefill,5,38,0,14
0,prefill,5,38,1,5
0,prefill,5,38,2,3
0,prefill,5,38,3,2
0,prefill,5,39,0,14
0,prefill,5,39,1,5
0,prefill,5,39,2,10
0,prefill,5,39,3,11
0,prefill,5,40,0,14
0,prefill,5,40,1,5
0,prefill,5,40,2,3
0,prefill,5,40,3,11
0,prefill,5,41,0,14
0,prefill,5,41,1,5
0,prefill,5,41,2,2
0,prefill,5,41,3,10
0,prefill,5,42,0,14
0,prefill,5,42,1,2
0,prefill,5,42,2,5
0,prefill,5,42,3,10
0,prefill,5,43,0,14
0,prefill,5,43,1,5
0,prefill,5,43,2,10
0,prefill,5,43,3,3
0,prefill,5,44,0,14
0,prefill,5,44,1,5
0,prefill,5,44,2,2
0,prefill,5,44,3,11
0,prefill,5,45,0,14
0,prefill,5,45,1,5
0,prefill,5,45,2,2
0,prefill,5,45,3,10
0,prefill,5,46,0,14
0,prefill,5,46,1,5
0,prefill,5,46,2,10
0,prefill,5,46,3,2
0,prefill,5,47,0,14
0,prefill,5,47,1,5
0,prefill,5,47,2,10
0,prefill,5,47,3,3
0,prefill,5,48,0,14
0,prefill,5,48,1,5
0,prefill,5,48,2,10
0,prefill,5,48,3,3
0,prefill,5,49,0,14
0,prefill,5,49,1,5
0,prefill,5,49,2,2
0,prefill,5,49,3,12
0,prefill,5,50,0,14
0,prefill,5,50,1,5
0,prefill,5,50,2,3
0,prefill,5,50,3,2
0,prefill,5,51,0,14
0,prefill,5,51,1,5
0,prefill,5,51,2,10
0,prefill,5,51,3,2
0,prefill,5,52,0,14
0,prefill,5,52,1,3
0,prefill,5,52,2,2
0,prefill,5,52,3,5
0,prefill,5,53,0,14
0,prefill,5,53,1,8
0,prefill,5,53,2,2
0,prefill,5,53,3,10
0,prefill,5,54,0,14
0,prefill,5,54,1,8
0,prefill,5,54,2,5
0,prefill,5,54,3,3
0,prefill,5,55,0,14
0,prefill,5,55,1,3
0,prefill,5,55,2,10
0,prefill,5,55,3,5
0,prefill,5,56,0,14
0,prefill,5,56,1,5
0,prefill,5,56,2,2
0,prefill,5,56,3,11
0,prefill,5,57,0,14
0,prefill,5,57,1,3
0,prefill,5,57,2,5
0,prefill,5,57,3,2
0,prefill,5,58,0,14
0,prefill,5,58,1,5
0,prefill,5,58,2,12
0,prefill,5,58,3,3
0,prefill,5,59,0,14
0,prefill,5,59,1,8
0,prefill,5,59,2,2
0,prefill,5,59,3,5
0,prefill,5,60,0,14
0,prefill,5,60,1,5
0,prefill,5,60,2,10
0,prefill,5,60,3,3
0,prefill,5,61,0,14
0,prefill,5,61,1,3
0,prefill,5,61,2,10
0,prefill,5,61,3,2
0,prefill,5,62,0,14
0,prefill,5,62,1,3
0,prefill,5,62,2,5
0,prefill,5,62,3,2
0,prefill,5,63,0,3
0,prefill,5,63,1,14
0,prefill,5,63,2,4
0,prefill,5,63,3,0
0,prefill,5,64,0,14
0,prefill,5,64,1,10
0,prefill,5,64,2,2
0,prefill,5,64,3,3
0,prefill,5,65,0,14
0,prefill,5,65,1,5
0,prefill,5,65,2,11
0,prefill,5,65,3,3
0,prefill,5,66,0,14
0,prefill,5,66,1,2
0,prefill,5,66,2,3
0,prefill,5,66,3,10
0,prefill,5,67,0,14
0,prefill,5,67,1,5
0,prefill,5,67,2,3
0,prefill,5,67,3,10
0,prefill,5,68,0,14
0,prefill,5,68,1,5
0,prefill,5,68,2,3
0,prefill,5,68,3,11
1,decode,0,69,0,8
1,decode,0,69,1,2
1,decode,0,69,2,4
1,decode,0,69,3,3
1,decode,1,69,0,6
1,decode,1,69,1,4
1,decode,1,69,2,11
1,decode,1,69,3,15
1,decode,2,69,0,12
1,decode,2,69,1,2
1,decode,2,69,2,5
1,decode,2,69,3,8
1,decode,3,69,0,7
1,decode,3,69,1,9
1,decode,3,69,2,12
1,decode,3,69,3,13
1,decode,4,69,0,9
1,decode,4,69,1,5
1,decode,4,69,2,7
1,decode,4,69,3,1
1,decode,5,69,0,14
1,decode,5,69,1,2
1,decode,5,69,2,5
1,decode,5,69,3,3
2,decode,0,70,0,11
2,decode,0,70,1,2
2,decode,0,70,2,4
2,decode,0,70,3,15
2,decode,1,70,0,6
2,decode,1,70,1,11
2,decode,1,70,2,3
2,decode,1,70,3,7
2,decode,2,70,0,12
2,decode,2,70,1,8
2,decode,2,70,2,5
2,decode,2,70,3,14
2,decode,3,70,0,7
2,decode,3,70,1,9
2,decode,3,70,2,12
2,decode,3,70,3,13
2,decode,4,70,0,9
2,decode,4,70,1,1
2,decode,4,70,2,13
2,decode,4,70,3,7
2,decode,5,70,0,14
2,decode,5,70,1,3
2,decode,5,70,2,5
2,decode,5,70,3,2
3,decode,0,71,0,11
3,decode,0,71,1,2
3,decode,0,71,2,4
3,decode,0,71,3,15
3,decode,1,71,0,6
3,decode,1,71,1,11
3,decode,1,71,2,3
3,decode,1,71,3,7
3,decode,2,71,0,12
3,decode,2,71,1,8
3,decode,2,71,2,5
3,decode,2,71,3,14
3,decode,3,71,0,7
3,decode,3,71,1,9
3,decode,3,71,2,12
3,decode,3,71,3,13
3,decode,4,71,0,9
3,decode,4,71,1,1
3,decode,4,71,2,5
3,decode,4,71,3,13
3,decode,5,71,0,14
3,decode,5,71,1,5
3,decode,5,71,2,3
3,decode,5,71,3,2
4,decode,0,72,0,11
4,decode,0,72,1,2
4,decode,0,72,2,4
4,decode,0,72,3,15
4,decode,1,72,0,6
4,decode,1,72,1,11
4,decode,1,72,2,3
4,decode,1,72,3,15
4,decode,2,72,0,5
4,decode,2,72,1,12
4,decode,2,72,2,8
4,decode,2,72,3,14
4,decode,3,72,0,7
4,decode,3,72,1,9
4,decode,3,72,2,12
4,decode,3,72,3,13
4,decode,4,72,0,9
4,decode,4,72,1,1
4,decode,4,72,2,5
4,decode,4,72,3,13
4,decode,5,72,0,14
4,decode,5,72,1,5
4,decode,5,72,2,3
4,decode,5,72,3,2
5,decode,0,73,0,11
5,decode,0,73,1,4
5,decode,0,73,2,2
5,decode,0,73,3,7
5,decode,1,73,0,15
5,decode,1,73,1,7
5,decode,1,73,2,1
5,decode,1,73,3,6
5,decode,2,73,0,8
5,decode,2,73,1,12
5,decode,2,73,2,5
5,decode,2,73,3,14
5,decode,3,73,0,9
5,decode,3,73,1,12
5,decode,3,73,2,7
5,decode,3,73,3,8
5,decode,4,73,0,9
5,decode,4,73,1,7
5,decode,4,73,2,10
5,decode,4,73,3,4
5,decode,5,73,0,14
5,decode,5,73,1,10
5,decode,5,73,2,2
5,decode,5,73,3,3
6,decode,0,74,0,2
6,decode,0,74,1,0
6,decode,0,74,2,4
6,decode,0,74,3,12
6,decode,1,74,0,15
6,decode,1,74,1,7
6,decode,1,74,2,6
6,decode,1,74,3,9
6,decode,2,74,0,12
6,decode,2,74,1,8
6,decode,2,74,2,5
6,decode,2,74,3,1
6,decode,3,74,0,9
6,decode,3,74,1,7
6,decode,3,74,2,12
6,decode,3,74,3,4
6,decode,4,74,0,9
6,decode,4,74,1,1
6,decode,4,74,2,4
6,decode,4,74,3,13
6,decode,5,74,0,14
6,decode,5,74,1,2
6,decode,5,74,2,3
6,decode,5,74,3,10
7,decode,0,75,0,9
7,decode,0,75,1,4
7,decode,0,75,2,11
7,decode,0,75,3,2
7,decode,1,75,0,3
7,decode,1,75,1,1
7,decode,1,75,2,15
7,decode,1,75,3,4
7,decode,2,75,0,12
7,decode,2,75,1,8
7,decode,2,75,2,5
7,decode,2,75,3,1
7,decode,3,75,0,8
7,decode,3,75,1,9
7,decode,3,75,2,5
7,decode,3,75,3,7
7,decode,4,75,0,10
7,decode,4,75,1,5
7,decode,4,75,2,9
7,decode,4,75,3,1
7,decode,5,75,0,14
7,decode,5,75,1,3
7,decode,5,75,2,10
7,decode,5,75,3,8
8,decode,0,76,0,4
8,decode,0,76,1,2
8,decode,0,76,2,9
8,decode,0,76,3,6
8,decode,1,76,0,3
8,decode,1,76,1,9
8,decode,1,76,2,0
8,decode,1,76,3,6
8,decode,2,76,0,12
8,decode,2,76,1,8
8,decode,2,76,2,14
8,decode,2,76,3,5
8,decode,3,76,0,7
8,decode,3,76,1,6
8,decode,3,76,2,8
8,decode,3,76,3,5
8,decode,4,76,0,9
8,decode,4,76,1,1
8,decode,4,76,2,8
8,decode,4,76,3,5
8,decode,5,76,0,14
8,decode,5,76,1,0
8,decode,5,76,2,5
8,decode,5,76,3,4
9,decode,0,77,0,4
9,decode,0,77,1,11
9,decode,0,77,2,7
9,decode,0,77,3,2
9,decode,1,77,0,1
9,decode,1,77,1,6
9,decode,1,77,2,3
9,decode,1,77,3,7
9,decode,2,77,0,8
9,decode,2,77,1,12
9,decode,2,77,2,5
9,decode,2,77,3,1
9,decode,3,77,0,9
9,decode,3,77,1,7
9,decode,3,77,2,4
9,decode,3,77,3,12
9,decode,4,77,0,9
9,decode,4,77,1,1
9,decode,4,77,2,4
9,decode,4,77,3,8
9,decode,5,77,0,14
9,decode,5,77,1,3
9,decode,5,77,2,10
9,decode,5,77,3,0
10,decode,0,78,0,9
10,decode,0,78,1,11
10,decode,0,78,2,10
10,decode,0,78,3,2
10,decode,1,78,0,9
10,decode,1,78,1,6
10,decode,1,78,2,3
10,decode,1,78,3,7
10,decode,2,78,0,12
10,decode,2,78,1,8
10,decode,2,78,2,5
10,decode,2,78,3,1
10,decode,3,78,0,8
10,decode,3,78,1,7
10,decode,3,78,2,13
10,decode,3,78,3,3
10,decode,4,78,0,7
10,decode,4,78,1,9
10,decode,4,78,2,1
10,decode,4,78,3,10
10,decode,5,78,0,3
10,decode,5,78,1,14
10,decode,5,78,2,2
10,decode,5,78,3,8
11,decode,0,79,0,2
11,decode,0,79,1,11
11,decode,0,79,2,4
11,decode,0,79,3,1
11,decode,1,79,0,11
11,decode,1,79,1,3
11,decode,1,79,2,1
11,decode,1,79,3,10
11,decode,2,79,0,12
11,decode,2,79,1,5
11,decode,2,79,2,4
11,decode,2,79,3,8
11,decode,3,79,0,7
11,decode,3,79,1,9
11,decode,3,79,2,8
11,decode,3,79,3,13
11,decode,4,79,0,1
11,decode,4,79,1,7
11,decode,4,79,2,9
11,decode,4,79,3,13
11,decode,5,79,0,14
11,decode,5,79,1,3
11,decode,5,79,2,5
11,decode,5,79,3,4
12,decode,0,80,0,2
12,decode,0,80,1,11
12,decode,0,80,2,4
12,decode,0,80,3,15
12,decode,1,80,0,6
12,decode,1,80,1,11
12,decode,1,80,2,3
12,decode,1,80,3,15
12,decode,2,80,0,12
12,decode,2,80,1,5
12,decode,2,80,2,8
12,decode,2,80,3,1
12,decode,3,80,0,9
12,decode,3,80,1,7
12,decode,3,80,2,12
12,decode,3,80,3,13
12,decode,4,80,0,9
12,decode,4,80,1,1
12,decode,4,80,2,13
12,decode,4,80,3,5
12,decode,5,80,0,14
12,decode,5,80,1,3
12,decode,5,80,2,2
12,decode,5,80,3,5
13,decode,0,81,0,2
13,decode,0,81,1,4
13,decode,0,81,2,3
13,decode,0,81,3,11
13,decode,1,81,0,1
13,decode,1,81,1,11
13,decode,1,81,2,3
13,decode,1,81,3,6
13,decode,2,81,0,12
13,decode,2,81,1,5
13,decode,2,81,2,2
13,decode,2,81,3,8
13,decode,3,81,0,7
13,decode,3,81,1,8
13,decode,3,81,2,9
13,decode,3,81,3,6
13,decode,4,81,0,9
13,decode,4,81,1,7
13,decode,4,81,2,5
13,decode,4,81,3,1
13,decode,5,81,0,14
13,decode,5,81,1,3
13,decode,5,81,2,5
13,decode,5,81,3,0
14,decode,0,82,0,4
14,decode,0,82,1,2
14,decode,0,82,2,6
14,decode,0,82,3,3
14,decode,1,82,0,1
14,decode,1,82,1,0
14,decode,1,82,2,6
14,decode,1,82,3,15
14,decode,2,82,0,12
14,decode,2,82,1,5
14,decode,2,82,2,2
14,decode,2,82,3,8
14,decode,3,82,0,7
14,decode,3,82,1,12
14,decode,3,82,2,6
14,decode,3,82,3,5
14,decode,4,82,0,9
14,decode,4,82,1,14
14,decode,4,82,2,4
14,decode,4,82,3,5
14,decode,5,82,0,14
14,decode,5,82,1,3
14,decode,5,82,2,5
14,decode,5,82,3,0
15,decode,0,83,0,4
15,decode,0,83,1,2
15,decode,0,83,2,8
15,decode,0,83,3,3
15,decode,1,83,0,6
15,decode,1,83,1,15
15,decode,1,83,2,0
15,decode,1,83,3,11
15,decode,2,83,0,12
15,decode,2,83,1,8
15,decode,2,83,2,5
15,decode,2,83,3,1
15,decode,3,83,0,9
15,decode,3,83,1,7
15,decode,3,83,2,13
15,decode,3,83,3,8
15,decode,4,83,0,5
15,decode,4,83,1,9
15,decode,4,83,2,1
15,decode,4,83,3,10
15,decode,5,83,0,14
15,decode,5,83,1,3
15,decode,5,83,2,2
15,decode,5,83,3,8
16,decode,0,84,0,11
16,decode,0,84,1,2
16,decode,0,84,2,1
16,decode,0,84,3,4
16,decode,1,84,0,15
16,decode,1,84,1,6
16,decode,1,84,2,1
16,decode,1,84,3,3
16,decode,2,84,0,12
16,decode,2,84,1,8
16,decode,2,84,2,5
16,decode,2,84,3,1
16,decode,3,84,0,7
16,decode,3,84,1,8
16,decode,3,84,2,9
16,decode,3,84,3,13
16,decode,4,84,0,9
16,decode,4,84,1,5
16,decode,4,84,2,1
16,decode,4,84,3,13
16,decode,5,84,0,14
16,decode,5,84,1,3
16,decode,5,84,2,2
16,decode,5,84,3,0
17,decode,0,85,0,2
17,decode,0,85,1,4
17,decode,0,85,2,3
17,decode,0,85,3,11
17,decode,1,85,0,1
17,decode,1,85,1,11
17,decode,1,85,2,3
17,decode,1,85,3,6
17,decode,2,85,0,12
17,decode,2,85,1,5
17,decode,2,85,2,2
17,decode,2,85,3,8
17,decode,3,85,0,8
17,decode,3,85,1,7
17,decode,3,85,2,9
17,decode,3,85,3,5
17,decode,4,85,0,7
17,decode,4,85,1,9
17,decode,4,85,2,10
17,decode,4,85,3,1
17,decode,5,85,0,14
17,decode,5,85,1,3
17,decode,5,85,2,2
17,decode,5,85,3,5
18,decode,0,86,0,2
18,decode,0,86,1,11
18,decode,0,86,2,4
18,decode,0,86,3,7
18,decode,1,86,0,6
18,decode,1,86,1,11
18,decode,1,86,2,15
18,decode,1,86,3,3
18,decode,2,86,0,12
18,decode,2,86,1,5
18,decode,2,86,2,8
18,decode,2,86,3,14
18,decode,3,86,0,9
18,decode,3,86,1,7
18,decode,3,86,2,12
18,decode,3,86,3,13
18,decode,4,86,0,9
18,decode,4,86,1,1
18,decode,4,86,2,5
18,decode,4,86,3,13
18,decode,5,86,0,14
18,decode,5,86,1,3
18,decode,5,86,2,2
18,decode,5,86,3,5
19,decode,0,87,0,2
19,decode,0,87,1,4
19,decode,0,87,2,3
19,decode,0,87,3,11
19,decode,1,87,0,1
19,decode,1,87,1,11
19,decode,1,87,2,3
19,decode,1,87,3,6
19,decode,2,87,0,12
19,decode,2,87,1,5
19,decode,2,87,2,2
19,decode,2,87,3,8
19,decode,3,87,0,7
19,decode,3,87,1,8
19,decode,3,87,2,9
19,decode,3,87,3,6
19,decode,4,87,0,9
19,decode,4,87,1,7
19,decode,4,87,2,1
19,decode,4,87,3,10
19,decode,5,87,0,14
19,decode,5,87,1,3
19,decode,5,87,2,2
19,decode,5,87,3,5
20,decode,0,88,0,2
20,decode,0,88,1,11
20,decode,0,88,2,4
20,decode,0,88,3,15
20,decode,1,88,0,6
20,decode,1,88,1,11
20,decode,1,88,2,4
20,decode,1,88,3,15
20,decode,2,88,0,12
20,decode,2,88,1,5
20,decode,2,88,2,8
20,decode,2,88,3,1
20,decode,3,88,0,9
20,decode,3,88,1,7
20,decode,3,88,2,12
20,decode,3,88,3,13
20,decode,4,88,0,9
20,decode,4,88,1,13
20,decode,4,88,2,1
20,decode,4,88,3,5
20,decode,5,88,0,14
20,decode,5,88,1,3
20,decode,5,88,2,2
20,decode,5,88,3,5
21,decode,0,89,0,2
21,decode,0,89,1,4
21,decode,0,89,2,3
21,decode,0,89,3,11
21,decode,1,89,0,1
21,decode,1,89,1,11
21,decode,1,89,2,3
21,decode,1,89,3,6
21,decode,2,89,0,12
21,decode,2,89,1,5
21,decode,2,89,2,2
21,decode,2,89,3,8
21,decode,3,89,0,7
21,decode,3,89,1,8
21,decode,3,89,2,9
21,decode,3,89,3,5
21,decode,4,89,0,9
21,decode,4,89,1,5
21,decode,4,89,2,7
21,decode,4,89,3,10
21,decode,5,89,0,14
21,decode,5,89,1,3
21,decode,5,89,2,5
21,decode,5,89,3,0
22,decode,0,90,0,2
22,decode,0,90,1,4
22,decode,0,90,2,11
22,decode,0,90,3,15
22,decode,1,90,0,6
22,decode,1,90,1,11
22,decode,1,90,2,4
22,decode,1,90,3,15
22,decode,2,90,0,12
22,decode,2,90,1,5
22,decode,2,90,2,8
22,decode,2,90,3,1
22,decode,3,90,0,9
22,decode,3,90,1,7
22,decode,3,90,2,12
22,decode,3,90,3,13
22,decode,4,90,0,9
22,decode,4,90,1,13
22,decode,4,90,2,1
22,decode,4,90,3,7
22,decode,5,90,0,14
22,decode,5,90,1,3
22,decode,5,90,2,2
22,decode,5,90,3,5
23,decode,0,91,0,2
23,decode,0,91,1,4
23,decode,0,91,2,3
23,decode,0,91,3,1
23,decode,1,91,0,7
23,decode,1,91,1,6
23,decode,1,91,2,11
23,decode,1,91,3,1
23,decode,2,91,0,5
23,decode,2,91,1,12
23,decode,2,91,2,8
23,decode,2,91,3,1
23,decode,3,91,0,7
23,decode,3,91,1,9
23,decode,3,91,2,12
23,decode,3,91,3,8
23,decode,4,91,0,4
23,decode,4,91,1,1
23,decode,4,91,2,9
23,decode,4,91,3,7
23,decode,5,91,0,14
23,decode,5,91,1,8
23,decode,5,91,2,3
23,decode,5,91,3,10
24,decode,0,92,0,4
24,decode,0,92,1,2
24,decode,0,92,2,11
24,decode,0,92,3,13
24,decode,1,92,0,3
24,decode,1,92,1,15
24,decode,1,92,2,0
24,decode,1,92,3,7
24,decode,2,92,0,12
24,decode,2,92,1,8
24,decode,2,92,2,14
24,decode,2,92,3,3
24,decode,3,92,0,8
24,decode,3,92,1,5
24,decode,3,92,2,9
24,decode,3,92,3,6
24,decode,4,92,0,5
24,decode,4,92,1,1
24,decode,4,92,2,4
24,decode,4,92,3,9
24,decode,5,92,0,3
24,decode,5,92,1,14
24,decode,5,92,2,8
24,decode,5,92,3,0
25,decode,0,93,0,11
25,decode,0,93,1,2
25,decode,0,93,2,4
25,decode,0,93,3,1
25,decode,1,93,0,11
25,decode,1,93,1,3
25,decode,1,93,2,10
25,decode,1,93,3,1
25,decode,2,93,0,12
25,decode,2,93,1,5
25,decode,2,93,2,8
25,decode,2,93,3,4
25,decode,3,93,0,7
25,decode,3,93,1,8
25,decode,3,93,2,9
25,decode,3,93,3,13
25,decode,4,93,0,7
25,decode,4,93,1,1
25,decode,4,93,2,9
25,decode,4,93,3,13
25,decode,5,93,0,14
25,decode,5,93,1,3
25,decode,5,93,2,5
25,decode,5,93,3,10
26,decode,0,94,0,2
26,decode,0,94,1,4
26,decode,0,94,2,11
26,decode,0,94,3,15
26,decode,1,94,0,6
26,decode,1,94,1,9
26,decode,1,94,2,4
26,decode,1,94,3,3
26,decode,2,94,0,12
26,decode,2,94,1,8
26,decode,2,94,2,5
26,decode,2,94,3,1
26,decode,3,94,0,9
26,decode,3,94,1,7
26,decode,3,94,2,12
26,decode,3,94,3,13
26,decode,4,94,0,9
26,decode,4,94,1,5
26,decode,4,94,2,13
26,decode,4,94,3,7
26,decode,5,94,0,14
26,decode,5,94,1,3
26,decode,5,94,2,2
26,decode,5,94,3,5
27,decode,0,95,0,4
27,decode,0,95,1,2
27,decode,0,95,2,3
27,decode,0,95,3,1
27,decode,1,95,0,11
27,decode,1,95,1,6
27,decode,1,95,2,4
27,decode,1,95,3,1
27,decode,2,95,0,8
27,decode,2,95,1,12
27,decode,2,95,2,5
27,decode,2,95,3,2
27,decode,3,95,0,7
27,decode,3,95,1,9
27,decode,3,95,2,4
27,decode,3,95,3,8
27,decode,4,95,0,9
27,decode,4,95,1,1
27,decode,4,95,2,14
27,decode,4,95,3,7
27,decode,5,95,0,14
27,decode,5,95,1,3
27,decode,5,95,2,5
27,decode,5,95,3,10
28,decode,0,96,0,4
28,decode,0,96,1,11
28,decode,0,96,2,2
28,decode,0,96,3,1
28,decode,1,96,0,15
28,decode,1,96,1,6
28,decode,1,96,2,9
28,decode,1,96,3,3
28,decode,2,96,0,12
28,decode,2,96,1,8
28,decode,2,96,2,5
28,decode,2,96,3,14
28,decode,3,96,0,8
28,decode,3,96,1,9
28,decode,3,96,2,7
28,decode,3,96,3,12
28,decode,4,96,0,5
28,decode,4,96,1,9
28,decode,4,96,2,1
28,decode,4,96,3,10
28,decode,5,96,0,14
28,decode,5,96,1,3
28,decode,5,96,2,2
28,decode,5,96,3,8
29,decode,0,97,0,4
29,decode,0,97,1,11
29,decode,0,97,2,2
29,decode,0,97,3,1
29,decode,1,97,0,15
29,decode,1,97,1,6
29,decode,1,97,2,9
29,decode,1,97,3,3
29,decode,2,97,0,12
29,decode,2,97,1,8
29,decode,2,97,2,5
29,decode,2,97,3,4
29,decode,3,97,0,8
29,decode,3,97,1,9
29,decode,3,97,2,7
29,decode,3,97,3,12
29,decode,4,97,0,5
29,decode,4,97,1,9
29,decode,4,97,2,1
29,decode,4,97,3,10
29,decode,5,97,0,14
29,decode,5,97,1,3
29,decode,5,97,2,2
29,decode,5,97,3,8
30,decode,0,98,0,4
30,decode,0,98,1,11
30,decode,0,98,2,2
30,decode,0,98,3,1
30,decode,1,98,0,15
30,decode,1,98,1,6
30,decode,1,98,2,3
30,decode,1,98,3,9
30,decode,2,98,0,12
30,decode,2,98,1,8
30,decode,2,98,2,5
30,decode,2,98,3,4
30,decode,3,98,0,8
30,decode,3,98,1,9
30,decode,3,98,2,7
30,decode,3,98,3,12
30,decode,4,98,0,5
30,decode,4,98,1,9
30,decode,4,98,2,1
30,decode,4,98,3,10
30,decode,5,98,0,14
30,decode,5,98,1,3
30,decode,5,98,2,2
30,decode,5,98,3,8
31,decode,0,99,0,11
31,decode,0,99,1,4
31,decode,0,99,2,1
31,decode,0,99,3,2
31,decode,1,99,0,15
31,decode,1,99,1,6
31,decode,1,99,2,3
31,decode,1,99,3,9
31,decode,2,99,0,12
31,decode,2,99,1,8
31,decode,2,99,2,5
31,decode,2,99,3,4
31,decode,3,99,0,9
31,decode,3,99,1,7
31,decode,3,99,2,8
31,decode,3,99,3,13
31,decode,4,99,0,5
31,decode,4,99,1,9
31,decode,4,99,2,1
31,decode,4,99,3,13
31,decode,5,99,0,14
31,decode,5,99,1,3
31,decode,5,99,2,2
31,decode,5,99,3,0
32,decode,0,100,0,11
32,decode,0,100,1,4
32,decode,0,100,2,1
32,decode,0,100,3,2
32,decode,1,100,0,15
32,decode,1,100,1,6
32,decode,1,100,2,3
32,decode,1,100,3,11
32,decode,2,100,0,8
32,decode,2,100,1,12
32,decode,2,100,2,5
32,decode,2,100,3,4
32,decode,3,100,0,7
32,decode,3,100,1,9
32,decode,3,100,2,8
32,decode,3,100,3,4
32,decode,4,100,0,9
32,decode,4,100,1,5
32,decode,4,100,2,1
32,decode,4,100,3,13
32,decode,5,100,0,14
32,decode,5,100,1,5
32,decode,5,100,2,3
32,decode,5,100,3,0
33,decode,0,101,0,11
33,decode,0,101,1,4
33,decode,0,101,2,1
33,decode,0,101,3,2
33,decode,1,101,0,6
33,decode,1,101,1,15
33,decode,1,101,2,3
33,decode,1,101,3,11
33,decode,2,101,0,8
33,decode,2,101,1,12
33,decode,2,101,2,4
33,decode,2,101,3,5
33,decode,3,101,0,7
33,decode,3,101,1,4
33,decode,3,101,2,9
33,decode,3,101,3,8
33,decode,4,101,0,9
33,decode,4,101,1,5
33,decode,4,101,2,1
33,decode,4,101,3,13
33,decode,5,101,0,14
33,decode,5,101,1,5
33,decode,5,101,2,3
33,decode,5,101,3,0
34,decode,0,102,0,11
34,decode,0,102,1,4
34,decode,0,102,2,1
34,decode,0,102,3,2
34,decode,1,102,0,6
34,decode,1,102,1,15
34,decode,1,102,2,9
34,decode,1,102,3,3
34,decode,2,102,0,8
34,decode,2,102,1,12
34,decode,2,102,2,4
34,decode,2,102,3,2
34,decode,3,102,0,7
34,decode,3,102,1,9
34,decode,3,102,2,8
34,decode,3,102,3,4
34,decode,4,102,0,9
34,decode,4,102,1,5
34,decode,4,102,2,1
34,decode,4,102,3,13
34,decode,5,102,0,14
34,decode,5,102,1,5
34,decode,5,102,2,3
34,decode,5,102,3,0
35,decode,0,103,0,4
35,decode,0,103,1,11
35,decode,0,103,2,1
35,decode,0,103,3,2
35,decode,1,103,0,9
35,decode,1,103,1,6
35,decode,1,103,2,10
35,decode,1,103,3,15
35,decode,2,103,0,12
35,decode,2,103,1,8
35,decode,2,103,2,2
35,decode,2,103,3,14
35,decode,3,103,0,9
35,decode,3,103,1,8
35,decode,3,103,2,7
35,decode,3,103,3,15
35,decode,4,103,0,5
35,decode,4,103,1,1
35,decode,4,103,2,9
35,decode,4,103,3,14
35,decode,5,103,0,3
35,decode,5,103,1,14
35,decode,5,103,2,8
35,decode,5,103,3,2
36,decode,0,104,0,2
36,decode,0,104,1,4
36,decode,0,104,2,12
36,decode,0,104,3,0
36,decode,1,104,0,15
36,decode,1,104,1,7
36,decode,1,104,2,9
36,decode,1,104,3,6
36,decode,2,104,0,4
36,decode,2,104,1,12
36,decode,2,104,2,8
36,decode,2,104,3,5
36,decode,3,104,0,9
36,decode,3,104,1,12
36,decode,3,104,2,4
36,decode,3,104,3,7
36,decode,4,104,0,9
36,decode,4,104,1,1
36,decode,4,104,2,13
36,decode,4,104,3,4
36,decode,5,104,0,14
36,decode,5,104,1,3
36,decode,5,104,2,2
36,decode,5,104,3,10
37,decode,0,105,0,1
37,decode,0,105,1,2
37,decode,0,105,2,4
37,decode,0,105,3,15
37,decode,1,105,0,6
37,decode,1,105,1,0
37,decode,1,105,2,9
37,decode,1,105,3,3
37,decode,2,105,0,12
37,decode,2,105,1,5
37,decode,2,105,2,13
37,decode,2,105,3,3
37,decode,3,105,0,9
37,decode,3,105,1,7
37,decode,3,105,2,13
37,decode,3,105,3,8
37,decode,4,105,0,5
37,decode,4,105,1,1
37,decode,4,105,2,9
37,decode,4,105,3,10
37,decode,5,105,0,14
37,decode,5,105,1,3
37,decode,5,105,2,5
37,decode,5,105,3,8
38,decode,0,106,0,11
38,decode,0,106,1,4
38,decode,0,106,2,9
38,decode,0,106,3,1
38,decode,1,106,0,4
38,decode,1,106,1,9
38,decode,1,106,2,11
38,decode,1,106,3,6
38,decode,2,106,0,12
38,decode,2,106,1,5
38,decode,2,106,2,2
38,decode,2,106,3,8
38,decode,3,106,0,12
38,decode,3,106,1,5
38,decode,3,106,2,8
38,decode,3,106,3,9
38,decode,4,106,0,7
38,decode,4,106,1,10
38,decode,4,106,2,5
38,decode,4,106,3,13
38,decode,5,106,0,3
38,decode,5,106,1,14
38,decode,5,106,2,8
38,decode,5,106,3,2
39,decode,0,107,0,2
39,decode,0,107,1,4
39,decode,0,107,2,11
39,decode,0,107,3,15
39,decode,1,107,0,9
39,decode,1,107,1,6
39,decode,1,107,2,3
39,decode,1,107,3,11
39,decode,2,107,0,12
39,decode,2,107,1,5
39,decode,2,107,2,14
39,decode,2,107,3,8
39,decode,3,107,0,8
39,decode,3,107,1,15
39,decode,3,107,2,7
39,decode,3,107,3,5
39,decode,4,107,0,5
39,decode,4,107,1,1
39,decode,4,107,2,7
39,decode,4,107,3,10
39,decode,5,107,0,3
39,decode,5,107,1,14
39,decode,5,107,2,2
39,decode,5,107,3,8
40,decode,0,108,0,4
40,decode,0,108,1,11
40,decode,0,108,2,1
40,decode,0,108,3,2
40,decode,1,108,0,6
40,decode,1,108,1,15
40,decode,1,108,2,10
40,decode,1,108,3,9
40,decode,2,108,0,8
40,decode,2,108,1,12
40,decode,2,108,2,4
40,decode,2,108,3,2
40,decode,3,108,0,9
40,decode,3,108,1,7
40,decode,3,108,2,8
40,decode,3,108,3,15
40,decode,4,108,0,5
40,decode,4,108,1,9
40,decode,4,108,2,1
40,decode,4,108,3,10
40,decode,5,108,0,14
40,decode,5,108,1,3
40,decode,5,108,2,5
40,decode,5,108,3,2
41,decode,0,109,0,4
41,decode,0,109,1,11
41,decode,0,109,2,1
41,decode,0,109,3,2
41,decode,1,109,0,6
41,decode,1,109,1,10
41,decode,1,109,2,9
41,decode,1,109,3,15
41,decode,2,109,0,12
41,decode,2,109,1,8
41,decode,2,109,2,2
41,decode,2,109,3,4
41,decode,3,109,0,9
41,decode,3,109,1,7
41,decode,3,109,2,8
41,decode,3,109,3,15
41,decode,4,109,0,5
41,decode,4,109,1,1
41,decode,4,109,2,9
41,decode,4,109,3,10
41,decode,5,109,0,14
41,decode,5,109,1,3
41,decode,5,109,2,2
41,decode,5,109,3,8
42,decode,0,110,0,4
42,decode,0,110,1,11
42,decode,0,110,2,1
42,decode,0,110,3,2
42,decode,1,110,0,10
42,decode,1,110,1,6
42,decode,1,110,2,9
42,decode,1,110,3,15
42,decode,2,110,0,12
42,decode,2,110,1,8
42,decode,2,110,2,2
42,decode,2,110,3,5
42,decode,3,110,0,9
42,decode,3,110,1,8
42,decode,3,110,2,7
42,decode,3,110,3,15
42,decode,4,110,0,5
42,decode,4,110,1,1
42,decode,4,110,2,9
42,decode,4,110,3,13
42,decode,5,110,0,14
42,decode,5,110,1,3
42,decode,5,110,2,2
42,decode,5,110,3,8
43,decode,0,111,0,4
43,decode,0,111,1,11
43,decode,0,111,2,1
43,decode,0,111,3,2
43,decode,1,111,0,6
43,decode,1,111,1,10
43,decode,1,111,2,15
43,decode,1,111,3,9
43,decode,2,111,0,12
43,decode,2,111,1,8
43,decode,2,111,2,2
43,decode,2,111,3,5
43,decode,3,111,0,9
43,decode,3,111,1,7
43,decode,3,111,2,8
43,decode,3,111,3,15
43,decode,4,111,0,5
43,decode,4,111,1,1
43,decode,4,111,2,9
43,decode,4,111,3,13
43,decode,5,111,0,14
43,decode,5,111,1,3
43,decode,5,111,2,2
43,decode,5,111,3,5
44,decode,0,112,0,11
44,decode,0,112,1,4
44,decode,0,112,2,1
44,decode,0,112,3,2
44,decode,1,112,0,6
44,decode,1,112,1,10
44,decode,1,112,2,15
44,decode,1,112,3,3
44,decode,2,112,0,8
44,decode,2,112,1,12
44,decode,2,112,2,2
44,decode,2,112,3,4
44,decode,3,112,0,7
44,decode,3,112,1,9
44,decode,3,112,2,4
44,decode,3,112,3,8
44,decode,4,112,0,1
44,decode,4,112,1,5
44,decode,4,112,2,9
44,decode,4,112,3,10
44,decode,5,112,0,14
44,decode,5,112,1,3
44,decode,5,112,2,5
44,decode,5,112,3,2
45,decode,0,113,0,11
45,decode,0,113,1,4
45,decode,0,113,2,1
45,decode,0,113,3,2
45,decode,1,113,0,6
45,decode,1,113,1,10
45,decode,1,113,2,15
45,decode,1,113,3,3
45,decode,2,113,0,8
45,decode,2,113,1,12
45,decode,2,113,2,2
45,decode,2,113,3,4
45,decode,3,113,0,7
45,decode,3,113,1,4
45,decode,3,113,2,9
45,decode,3,113,3,8
45,decode,4,113,0,1
45,decode,4,113,1,5
45,decode,4,113,2,9
45,decode,4,113,3,10
45,decode,5,113,0,14
45,decode,5,113,1,5
45,decode,5,113,2,3
45,decode,5,113,3,2
46,decode,0,114,0,11
46,decode,0,114,1,4
46,decode,0,114,2,1
46,decode,0,114,3,2
46,decode,1,114,0,6
46,decode,1,114,1,10
46,decode,1,114,2,9
46,decode,1,114,3,3
46,decode,2,114,0,8
46,decode,2,114,1,12
46,decode,2,114,2,2
46,decode,2,114,3,4
46,decode,3,114,0,7
46,decode,3,114,1,9
46,decode,3,114,2,8
46,decode,3,114,3,3
46,decode,4,114,0,5
46,decode,4,114,1,1
46,decode,4,114,2,9
46,decode,4,114,3,10
46,decode,5,114,0,14
46,decode,5,114,1,3
46,decode,5,114,2,5
46,decode,5,114,3,8
47,decode,0,115,0,2
47,decode,0,115,1,4
47,decode,0,115,2,11
47,decode,0,115,3,6
47,decode,1,115,0,1
47,decode,1,115,1,4
47,decode,1,115,2,3
47,decode,1,115,3,11
47,decode,2,115,0,12
47,decode,2,115,1,5
47,decode,2,115,2,4
47,decode,2,115,3,8
47,decode,3,115,0,7
47,decode,3,115,1,2
47,decode,3,115,2,9
47,decode,3,115,3,8
47,decode,4,115,0,1
47,decode,4,115,1,10
47,decode,4,115,2,9
47,decode,4,115,3,13
47,decode,5,115,0,14
47,decode,5,115,1,3
47,decode,5,115,2,8
47,decode,5,115,3,5
48,decode,0,116,0,11
48,decode,0,116,1,2
48,decode,0,116,2,4
48,decode,0,116,3,1
48,decode,1,116,0,6
48,decode,1,116,1,9
48,decode,1,116,2,15
48,decode,1,116,3,3
48,decode,2,116,0,12
48,decode,2,116,1,5
48,decode,2,116,2,14
48,decode,2,116,3,11
48,decode,3,116,0,5
48,decode,3,116,1,8
48,decode,3,116,2,9
48,decode,3,116,3,15
48,decode,4,116,0,1
48,decode,4,116,1,5
48,decode,4,116,2,9
48,decode,4,116,3,7
48,decode,5,116,0,14
48,decode,5,116,1,3
48,decode,5,116,2,2
48,decode,5,116,3,8
49,decode,0,117,0,4
49,decode,0,117,1,1
49,decode,0,117,2,11
49,decode,0,117,3,2
49,decode,1,117,0,10
49,decode,1,117,1,6
49,decode,1,117,2,9
49,decode,1,117,3,3
49,decode,2,117,0,12
49,decode,2,117,1,2
49,decode,2,117,2,8
49,decode,2,117,3,5
49,decode,3,117,0,9
49,decode,3,117,1,7
49,decode,3,117,2,8
49,decode,3,117,3,2
49,decode,4,117,0,5
49,decode,4,117,1,1
49,decode,4,117,2,13
49,decode,4,117,3,9
49,decode,5,117,0,14
49,decode,5,117,1,3
49,decode,5,117,2,2
49,decode,5,117,3,5
50,decode,0,118,0,11
50,decode,0,118,1,2
50,decode,0,118,2,4
50,decode,0,118,3,1
50,decode,1,118,0,9
50,decode,1,118,1,15
50,decode,1,118,2,6
50,decode,1,118,3,3
50,decode,2,118,0,12
50,decode,2,118,1,5
50,decode,2,118,2,14
50,decode,2,118,3,11
50,decode,3,118,0,8
50,decode,3,118,1,5
50,decode,3,118,2,15
50,decode,3,118,3,7
50,decode,4,118,0,1
50,decode,4,118,1,5
50,decode,4,118,2,9
50,decode,4,118,3,7
50,decode,5,118,0,14
50,decode,5,118,1,3
50,decode,5,118,2,2
50,decode,5,118,3,8
51,decode,0,119,0,1
51,decode,0,119,1,11
51,decode,0,119,2,4
51,decode,0,119,3,2
51,decode,1,119,0,6
51,decode,1,119,1,10
51,decode,1,119,2,3
51,decode,1,119,3,1
51,decode,2,119,0,2
51,decode,2,119,1,12
51,decode,2,119,2,8
51,decode,2,119,3,4
51,decode,3,119,0,9
51,decode,3,119,1,7
51,decode,3,119,2,13
51,decode,3,119,3,8
51,decode,4,119,0,10
51,decode,4,119,1,1
51,decode,4,119,2,5
51,decode,4,119,3,9
51,decode,5,119,0,14
51,decode,5,119,1,5
51,decode,5,119,2,3
51,decode,5,119,3,2
52,decode,0,120,0,11
52,decode,0,120,1,4
52,decode,0,120,2,2
52,decode,0,120,3,1
52,decode,1,120,0,9
52,decode,1,120,1,15
52,decode,1,120,2,3
52,decode,1,120,3,6
52,decode,2,120,0,12
52,decode,2,120,1,5
52,decode,2,120,2,14
52,decode,2,120,3,11
52,decode,3,120,0,15
52,decode,3,120,1,8
52,decode,3,120,2,5
52,decode,3,120,3,7
52,decode,4,120,0,1
52,decode,4,120,1,5
52,decode,4,120,2,9
52,decode,4,120,3,7
52,decode,5,120,0,14
52,decode,5,120,1,3
52,decode,5,120,2,2
52,decode,5,120,3,8
53,decode,0,121,0,4
53,decode,0,121,1,1
53,decode,0,121,2,11
53,decode,0,121,3,2
53,decode,1,121,0,10
53,decode,1,121,1,6
53,decode,1,121,2,9
53,decode,1,121,3,3
53,decode,2,121,0,12
53,decode,2,121,1,2
53,decode,2,121,2,8
53,decode,2,121,3,5
53,decode,3,121,0,9
53,decode,3,121,1,7
53,decode,3,121,2,8
53,decode,3,121,3,15
53,decode,4,121,0,5
53,decode,4,121,1,1
53,decode,4,121,2,10
53,decode,4,121,3,13
53,decode,5,121,0,14
53,decode,5,121,1,3
53,decode,5,121,2,2
53,decode,5,121,3,5
54,decode,0,122,0,4
54,decode,0,122,1,2
54,decode,0,122,2,11
54,decode,0,122,3,1
54,decode,1,122,0,9
54,decode,1,122,1,3
54,decode,1,122,2,15
54,decode,1,122,3,11
54,decode,2,122,0,12
54,decode,2,122,1,5
54,decode,2,122,2,14
54,decode,2,122,3,11
54,decode,3,122,0,15
54,decode,3,122,1,8
54,decode,3,122,2,5
54,decode,3,122,3,7
54,decode,4,122,0,1
54,decode,4,122,1,5
54,decode,4,122,2,9
54,decode,4,122,3,7
54,decode,5,122,0,14
54,decode,5,122,1,3
54,decode,5,122,2,2
54,decode,5,122,3,8
55,decode,0,123,0,4
55,decode,0,123,1,1
55,decode,0,123,2,11
55,decode,0,123,3,2
55,decode,1,123,0,10
55,decode,1,123,1,9
55,decode,1,123,2,6
55,decode,1,123,3,3
55,decode,2,123,0,12
55,decode,2,123,1,2
55,decode,2,123,2,5
55,decode,2,123,3,8
55,decode,3,123,0,9
55,decode,3,123,1,7
55,decode,3,123,2,8
55,decode,3,123,3,2
55,decode,4,123,0,5
55,decode,4,123,1,1
55,decode,4,123,2,14
55,decode,4,123,3,13
55,decode,5,123,0,14
55,decode,5,123,1,3
55,decode,5,123,2,5
55,decode,5,123,3,2
56,decode,0,124,0,4
56,decode,0,124,1,2
56,decode,0,124,2,11
56,decode,0,124,3,1
56,decode,1,124,0,9
56,decode,1,124,1,3
56,decode,1,124,2,15
56,decode,1,124,3,11
56,decode,2,124,0,12
56,decode,2,124,1,5
56,decode,2,124,2,14
56,decode,2,124,3,10
56,decode,3,124,0,15
56,decode,3,124,1,8
56,decode,3,124,2,5
56,decode,3,124,3,7
56,decode,4,124,0,1
56,decode,4,124,1,5
56,decode,4,124,2,9
56,decode,4,124,3,14
56,decode,5,124,0,14
56,decode,5,124,1,3
56,decode,5,124,2,2
56,decode,5,124,3,8
57,decode,0,125,0,4
57,decode,0,125,1,1
57,decode,0,125,2,11
57,decode,0,125,3,2
57,decode,1,125,0,6
57,decode,1,125,1,10
57,decode,1,125,2,9
57,decode,1,125,3,3
57,decode,2,125,0,12
57,decode,2,125,1,2
57,decode,2,125,2,8
57,decode,2,125,3,5
57,decode,3,125,0,9
57,decode,3,125,1,7
57,decode,3,125,2,8
57,decode,3,125,3,2
57,decode,4,125,0,1
57,decode,4,125,1,5
57,decode,4,125,2,10
57,decode,4,125,3,9
57,decode,5,125,0,14
57,decode,5,125,1,3
57,decode,5,125,2,2
57,decode,5,125,3,5
58,decode,0,126,0,4
58,decode,0,126,1,11
58,decode,0,126,2,15
58,decode,0,126,3,9
58,decode,1,126,0,11
58,decode,1,126,1,3
58,decode,1,126,2,9
58,decode,1,126,3,0
58,decode,2,126,0,12
58,decode,2,126,1,8
58,decode,2,126,2,14
58,decode,2,126,3,2
58,decode,3,126,0,7
58,decode,3,126,1,9
58,decode,3,126,2,5
58,decode,3,126,3,8
58,decode,4,126,0,1
58,decode,4,126,1,9
58,decode,4,126,2,13
58,decode,4,126,3,8
58,decode,5,126,0,14
58,decode,5,126,1,3
58,decode,5,126,2,8
58,decode,5,126,3,5
59,decode,0,127,0,4
59,decode,0,127,1,15
59,decode,0,127,2,6
59,decode,0,127,3,11
59,decode,1,127,0,11
59,decode,1,127,1,9
59,decode,1,127,2,3
59,decode,1,127,3,15
59,decode,2,127,0,12
59,decode,2,127,1,8
59,decode,2,127,2,2
59,decode,2,127,3,5
59,decode,3,127,0,7
59,decode,3,127,1,5
59,decode,3,127,2,13
59,decode,3,127,3,8
59,decode,4,127,0,1
59,decode,4,127,1,9
59,decode,4,127,2,5
59,decode,4,127,3,7
59,decode,5,127,0,14
59,decode,5,127,1,5
59,decode,5,127,2,3
59,decode,5,127,3,2
60,decode,0,128,0,4
60,decode,0,128,1,1
60,decode,0,128,2,11
60,decode,0,128,3,2
60,decode,1,128,0,10
60,decode,1,128,1,6
60,decode,1,128,2,9
60,decode,1,128,3,3
60,decode,2,128,0,12
60,decode,2,128,1,2
60,decode,2,128,2,5
60,decode,2,128,3,8
60,decode,3,128,0,7
60,decode,3,128,1,9
60,decode,3,128,2,8
60,decode,3,128,3,2
60,decode,4,128,0,1
60,decode,4,128,1,5
60,decode,4,128,2,9
60,decode,4,128,3,14
60,decode,5,128,0,14
60,decode,5,128,1,3
60,decode,5,128,2,5
60,decode,5,128,3,2
61,decode,0,129,0,4
61,decode,0,129,1,2
61,decode,0,129,2,11
61,decode,0,129,3,1
61,decode,1,129,0,9
61,decode,1,129,1,3
61,decode,1,129,2,15
61,decode,1,129,3,11
61,decode,2,129,0,12
61,decode,2,129,1,5
61,decode,2,129,2,14
61,decode,2,129,3,10
61,decode,3,129,0,15
61,decode,3,129,1,5
61,decode,3,129,2,8
61,decode,3,129,3,7
61,decode,4,129,0,1
61,decode,4,129,1,9
61,decode,4,129,2,5
61,decode,4,129,3,14
61,decode,5,129,0,14
61,decode,5,129,1,3
61,decode,5,129,2,2
61,decode,5,129,3,5
62,decode,0,130,0,4
62,decode,0,130,1,1
62,decode,0,130,2,11
62,decode,0,130,3,2
62,decode,1,130,0,10
62,decode,1,130,1,6
62,decode,1,130,2,9
62,decode,1,130,3,3
62,decode,2,130,0,12
62,decode,2,130,1,2
62,decode,2,130,2,5
62,decode,2,130,3,8
62,decode,3,130,0,7
62,decode,3,130,1,9
62,decode,3,130,2,2
62,decode,3,130,3,8
62,decode,4,130,0,1
62,decode,4,130,1,5
62,decode,4,130,2,14
62,decode,4,130,3,9
62,decode,5,130,0,14
62,decode,5,130,1,3
62,decode,5,130,2,5
62,decode,5,130,3,2
63,decode,0,131,0,4
63,decode,0,131,1,11
63,decode,0,131,2,2
63,decode,0,131,3,1
63,decode,1,131,0,9
63,decode,1,131,1,3
63,decode,1,131,2,15
63,decode,1,131,3,10
63,decode,2,131,0,12
63,decode,2,131,1,5
63,decode,2,131,2,14
63,decode,2,131,3,8
63,decode,3,131,0,5
63,decode,3,131,1,15
63,decode,3,131,2,8
63,decode,3,131,3,7
63,decode,4,131,0,1
63,decode,4,131,1,9
63,decode,4,131,2,5
63,decode,4,131,3,14
63,decode,5,131,0,14
63,decode,5,131,1,3
63,decode,5,131,2,2
63,decode,5,131,3,5
